exhibit_id,component_id,artifact_kind,reference_path,reference_sha256,output_path,validation,abs_tolerance,rel_tolerance,provenance_artifact,provenance_reference
Table_1,body,table,reference/accepted/main_tables/H1_main_table_body.csv,75283c06aab437b4dfda5aa2b2b877e5dae349c67c140052d5c00551f11d6267,output/tables/main/H1_main_table_body.csv,display_copy,0,0,,
Table_2,body,table,reference/accepted/main_tables/H21_main_table_body.csv,de9d1de08f7472aa062515a4431df766fccdad73ae016ce4532a9401c0eeb6e1,output/tables/main/H21_main_table_body.csv,display_copy,0,0,,
Table_3,body,table,reference/accepted/main_tables/H22_main_table_body.csv,99f65e8ef593c9559918bef06b8c6cf3e327185dfbb625ecd01324f0cfd4cbc9,output/tables/main/H22_main_table_body.csv,display_copy,0,0,,
Table_4,body,table,reference/accepted/main_tables/H3_main_table_body.csv,df862d8347bcf78eab8273830bde9aed940cadd635198c25dcdcae07ad6eb63f,output/tables/main/H3_main_table_body.csv,display_copy,0,0,,
Figure_7,render,figure,reference/accepted/figures/fig_marginal_h1.pdf,54ad8bd23dff9fafadd4eacba347110f1ea547f5e44e33168a5837e2a95fca85,output/figures/Figure_7.pdf,render,0,0,,
Figure_7,plot_data,figure_data,reference/accepted/figure_data/Figure_7_plot_data.csv,715f7a9139b515f29ee5378b656919c574e38d5d5cad03575247d2ffd08b1b3d,output/figures/Figure_7_plot_data.csv,numeric,0.00000001,0.00000001,code/R/31_build_main_figures.R,reference/accepted/provenance/derived_numeric_references.csv
Figure_8,render,figure,reference/accepted/figures/fig_h22_table3_cols3_4_trade_interaction.pdf,453cdaa3b3cee07904d3b2eead53b721f3fd836665362c9d05ab148b7cd63f9f,output/figures/Figure_8.pdf,render,0,0,,
Figure_8,plot_data,figure_data,reference/accepted/figure_data/Figure_8_plot_data.csv,1fae9ade8d7179baa9445c73b1b5a89e7caa6088df3c3e665ced8911213a20d1,output/figures/Figure_8_plot_data.csv,numeric,0.00000001,0.00000001,code/R/31_build_main_figures.R,reference/accepted/provenance/derived_numeric_references.csv
Figure_9,render,figure,reference/accepted/figures/fig_h3_table4_cols1_2_5_6_interactions.pdf,c2e53a97c552097936730d177ef4d999716c4e1a7b74400b3f65cf965716eab4,output/figures/Figure_9.pdf,render,0,0,,
Figure_9,plot_data,figure_data,reference/accepted/figure_data/Figure_9_plot_data.csv,edba0331d57880a997790ef9ff1a393894c2e4d895c435cf51f6a2aeab780177,output/figures/Figure_9_plot_data.csv,numeric,0.00000001,0.00000001,code/R/31_build_main_figures.R,reference/accepted/provenance/derived_numeric_references.csv
C1,body,table,reference/accepted/appendix_tables/H1_strict_success_appendix_table_body.csv,fa526214b6f3da33e713fe8795906bb1bf12ec6afcc73f433dfa021ca56f4723,output/tables/appendix/H1_strict_success_appendix_table_body.csv,display_copy,0,0,,
C2,body,table,reference/accepted/appendix_tables/H1_sensitivity_appendix_table_body.csv,30ee98a58b4db98525fc850c5eac283d7cb93b439fc0b35397facbf493bb5c52,output/tables/appendix/H1_sensitivity_appendix_table_body.csv,display_copy,0,0,,
C3,body,table,reference/accepted/appendix_tables/H21_curvi_appendix_table_body.csv,e9862bb8260e97b57ac70e7b824cbeeef739195a0e99187db8ac803c8a4d2d23,output/tables/appendix/H21_curvi_appendix_table_body.csv,display_copy,0,0,,
C4,body,table,reference/accepted/appendix_tables/H21_strict_success_table_body.csv,7f7bbe6316422ef87cc3ae72f74ced7c2ec3eab9adb6c31281d17ecd75c97f7b,output/tables/appendix/H21_strict_success_table_body.csv,display_copy,0,0,,
C5,body,table,reference/accepted/appendix_tables/H21_limited_success_table_body.csv,e03c76812ad2cb71fca5eda0247033840e25eca3f6c98dfeaadec58e0d70c975,output/tables/appendix/H21_limited_success_table_body.csv,display_copy,0,0,,
C6,body,table,reference/accepted/appendix_tables/H21_rest_appendix_table_body.csv,a2c97929287f4275cdb528f25377dd800bf3a0579b2ecb7ff21bce063f35d98e,output/tables/appendix/H21_rest_appendix_table_body.csv,display_copy,0,0,,
C7,body,table,reference/accepted/appendix_tables/H22_concession_campaign_table_body.csv,99f65e8ef593c9559918bef06b8c6cf3e327185dfbb625ecd01324f0cfd4cbc9,output/tables/appendix/H22_concession_campaign_table_body.csv,display_copy,0,0,,
C8,body,table,reference/accepted/appendix_tables/H22_strict_success_campaign_table_body.csv,f9881860543ec45c74fa09d1abd6d5e177e5a52c4f6f1c611d2a63443c17eda8,output/tables/appendix/H22_strict_success_campaign_table_body.csv,display_copy,0,0,,
C9,body,table,reference/accepted/appendix_tables/H22_quadratic_campaign_table_body.csv,0c4973a84774409a56845c7906464203929047c3fddceaf289e5eb293a13aefd,output/tables/appendix/H22_quadratic_campaign_table_body.csv,display_copy,0,0,,
C10,body,table,reference/accepted/appendix_tables/H22_concession_campaign_year_table_body.csv,acf4fc6aa64baf7fd238be482cffaf0b6b43d51143e6746551fad24732d74b5e,output/tables/appendix/H22_concession_campaign_year_table_body.csv,display_copy,0,0,,
C11,body,table,reference/accepted/appendix_tables/H22_strict_success_campaign_year_table_body.csv,9e93aa1bba8faa8a366fe2c680cb0b00092c850ebd8539f257c72a427b809258,output/tables/appendix/H22_strict_success_campaign_year_table_body.csv,display_copy,0,0,,
C12,body,table,reference/accepted/appendix_tables/H22_quadratic_campaign_year_table_body.csv,aca260a0afbf788cb25b06eb79bd1eba04a7bd6e7da7f11f31b2f36e2bf20d85,output/tables/appendix/H22_quadratic_campaign_year_table_body.csv,display_copy,0,0,,
C13,body,table,reference/accepted/appendix_tables/H22_rest_ordered_table_body.csv,32c23b85fa7dfa630e1e941b5181a9106fd04754cfab36dd8b1574ce6d3fae80,output/tables/appendix/H22_rest_ordered_table_body.csv,display_copy,0,0,,
C14,body,table,reference/accepted/appendix_tables/H22_rest_robustness_table_body.csv,bf8e73e6f9ddac909c2c655a6e6fd5e27c805e345944de1ea76c1e8ab6aea5e5,output/tables/appendix/H22_rest_robustness_table_body.csv,display_copy,0,0,,
C15,body,table,reference/accepted/appendix_tables/H3_strict_success_campaign_table_body.csv,8a867754277fdcc452a13386353183f5bdc8622ad52ce7b766ddd4b3a65cd569,output/tables/appendix/H3_strict_success_campaign_table_body.csv,display_copy,0,0,,
C16,body,table,reference/accepted/appendix_tables/H3_ordered_table_body.csv,4d98fe1e457a462a49e6991743ecc80419007af209a342ce9218ba3e743ce23c,output/tables/appendix/H3_ordered_table_body.csv,display_copy,0,0,,
C17,body,table,reference/accepted/appendix_tables/H3_campaign_year_concession_table_body.csv,bcf65cbe2770b6890e08fc35e5eae7cd5f0b477f39c80e09cfea2d1922c2f213,output/tables/appendix/H3_campaign_year_concession_table_body.csv,display_copy,0,0,,
C18,body,table,reference/accepted/appendix_tables/H3_campaign_year_strict_table_body.csv,fb6792e58c145568d0a263738763ab847817e9989c718bf2637d768093ec666b,output/tables/appendix/H3_campaign_year_strict_table_body.csv,display_copy,0,0,,
C19,body,table,reference/accepted/appendix_tables/H3_sensitivity_table_body.csv,a789bc76c943352df3e7eb2d4135ffef4543abe90ac0869e49aef970fe044193,output/tables/appendix/H3_sensitivity_table_body.csv,display_copy,0,0,,
C20,body,table,reference/accepted/appendix_tables/H3_additional_moderators_table_body.csv,033e8b8b8955620ad3ce53e42ef31d03fceca4e8d48d330e62664acb2ae2844f,output/tables/appendix/H3_additional_moderators_table_body.csv,display_copy,0,0,data/h3_additional_moderators.csv,reference/accepted/provenance/C20_provenance.csv
C21,body,table,reference/accepted/appendix_tables/appendix_A2_success_dv_table_body.csv,a0dd2db421253239e66216f7761ddfab2d454938af750783a566f445e6d77d34,output/tables/appendix/appendix_A2_success_dv_table_body.csv,display_copy,0,0,,
C22,body,table,reference/accepted/appendix_tables/C22_nonviolent_final_body.csv,90c6c49cb136a5cd3bba9ce8fb6024d4396ebbb7f47127814f18ad4b5572fcd5,output/tables/appendix/C22_nonviolent_final_body.csv,display_copy,0,0,,
C23,body,table,reference/accepted/appendix_tables/appendix_A4_sensemakr_bounds_table_body.csv,f4a9522cebd6f8006ae176f6234d75cab81d0e94a925147280c2bf90dcb087b5,output/tables/appendix/appendix_A4_sensemakr_bounds_table_body.csv,display_copy,0,0,,
C24,body,table,reference/accepted/appendix_tables/appendix_A5_ongoing_sensitivity_table_body.csv,122b5cfb4da1c204ceb3f7c24c77fbd7e13aa064e30ea574bb45f8daad38b66d,output/tables/appendix/appendix_A5_ongoing_sensitivity_table_body.csv,display_copy,0,0,,
C25,body,table,reference/accepted/appendix_tables/C25_power_final_body.csv,03a87c75ca8563b37bc471188e5c28a8c49bb702f3a9df519df646af2f8d2399,output/tables/appendix/C25_power_table_body.csv,display_copy,0,0,,
C26,panel_1,table,reference/accepted/appendix_tables/inference_diagnostics_cox_ph_table_body.csv,338076e210c2d29745101df23fbb590006a7c825c2410d10c8203ded913cf693,output/tables/appendix/C26_panel_1_table_body.csv,display_copy,0,0,,
C26,panel_2,table,reference/accepted/appendix_tables/inference_diagnostics_cox_power_quarantine_table_body.csv,dcd717b380393f70380cfdb576e4886c8eb72532be547ddfc8e5cd5eee7ed5f3,output/tables/appendix/C26_panel_2_table_body.csv,display_copy,0,0,,
C26,panel_3,table,reference/accepted/appendix_tables/inference_diagnostics_weibull_table_body.csv,88d4aaa3890998b6da0a6f255fb311a4daabc391f45b9bcaf21e9c40df0262aa,output/tables/appendix/C26_panel_3_table_body.csv,display_copy,0,0,,
Figure_C1,render,figure,reference/accepted/figures/fig_h1_appendix_forest_beta_eng2.pdf,33a7dc4009a5f10896ff82357c0ae994521433932a90757cd09445b3281d0d5d,output/figures/Figure_C1.pdf,render,0,0,,
Figure_C1,plot_data,figure_data,reference/accepted/figure_data/Figure_C1_plot_data.csv,d2a059ad5fc12a2967eaaf267071b1e5e243c8650594ef6fad93f73a6eca144d,output/figures/Figure_C1_plot_data.csv,numeric,0.00000001,0.00000001,code/R/36_build_appendix_power_inference.R,reference/accepted/provenance/derived_numeric_references.csv
Figure_C2,render,figure,reference/accepted/figures/fig_h3_appendix_forest_beta_int.pdf,39050771504f5c816c537c2aeca6a783f1d8e9b56b4ce50d5c53ba3c2b135d4c,output/figures/Figure_C2.pdf,render,0,0,,
Figure_C2,plot_data,figure_data,reference/accepted/figure_data/Figure_C2_plot_data.csv,891795e195278a98c4bc615c848cf1b33fc774d86ff64bfa0f730784b43d78da,output/figures/Figure_C2_plot_data.csv,numeric,0.00000001,0.00000001,code/R/36_build_appendix_power_inference.R,reference/accepted/provenance/derived_numeric_references.csv
