"reference_path","output_path","sha256","comparison","abs_tolerance","rel_tolerance","notes"
"reference/accepted/appendix_tables/C22_nonviolent_final_body.csv","output/tables/appendix/C22_nonviolent_final_body.csv","90c6c49cb136a5cd3bba9ce8fb6024d4396ebbb7f47127814f18ad4b5572fcd5","display_copy",0,0,"accepted_display_copy identity; rebuilt evidence recorded separately"
"reference/accepted/appendix_tables/C25_power_final_body.csv","output/tables/appendix/C25_power_table_body.csv","03a87c75ca8563b37bc471188e5c28a8c49bb702f3a9df519df646af2f8d2399","display_copy",0,0,"accepted_display_copy identity; rebuilt evidence recorded separately"
"reference/accepted/appendix_tables/H1_sensitivity_appendix_table_body.csv","output/tables/appendix/H1_sensitivity_appendix_table_body.csv","30ee98a58b4db98525fc850c5eac283d7cb93b439fc0b35397facbf493bb5c52","display_copy",0,0,"accepted_display_copy identity; rebuilt evidence recorded separately"
"reference/accepted/appendix_tables/H1_strict_success_appendix_table_body.csv","output/tables/appendix/H1_strict_success_appendix_table_body.csv","fa526214b6f3da33e713fe8795906bb1bf12ec6afcc73f433dfa021ca56f4723","display_copy",0,0,"accepted_display_copy identity; rebuilt evidence recorded separately"
"reference/accepted/appendix_tables/H21_curvi_appendix_table_body.csv","output/tables/appendix/H21_curvi_appendix_table_body.csv","e9862bb8260e97b57ac70e7b824cbeeef739195a0e99187db8ac803c8a4d2d23","display_copy",0,0,"accepted_display_copy identity; rebuilt evidence recorded separately"
"reference/accepted/appendix_tables/H21_limited_success_table_body.csv","output/tables/appendix/H21_limited_success_table_body.csv","e03c76812ad2cb71fca5eda0247033840e25eca3f6c98dfeaadec58e0d70c975","display_copy",0,0,"accepted_display_copy identity; rebuilt evidence recorded separately"
"reference/accepted/appendix_tables/H21_rest_appendix_table_body.csv","output/tables/appendix/H21_rest_appendix_table_body.csv","a2c97929287f4275cdb528f25377dd800bf3a0579b2ecb7ff21bce063f35d98e","display_copy",0,0,"accepted_display_copy identity; rebuilt evidence recorded separately"
"reference/accepted/appendix_tables/H21_strict_success_table_body.csv","output/tables/appendix/H21_strict_success_table_body.csv","7f7bbe6316422ef87cc3ae72f74ced7c2ec3eab9adb6c31281d17ecd75c97f7b","display_copy",0,0,"accepted_display_copy identity; rebuilt evidence recorded separately"
"reference/accepted/appendix_tables/H22_concession_campaign_table_body.csv","output/tables/appendix/H22_concession_campaign_table_body.csv","99f65e8ef593c9559918bef06b8c6cf3e327185dfbb625ecd01324f0cfd4cbc9","display_copy",0,0,"accepted_display_copy identity; rebuilt evidence recorded separately"
"reference/accepted/appendix_tables/H22_concession_campaign_year_table_body.csv","output/tables/appendix/H22_concession_campaign_year_table_body.csv","acf4fc6aa64baf7fd238be482cffaf0b6b43d51143e6746551fad24732d74b5e","display_copy",0,0,"accepted_display_copy identity; rebuilt evidence recorded separately"
"reference/accepted/appendix_tables/H22_quadratic_campaign_table_body.csv","output/tables/appendix/H22_quadratic_campaign_table_body.csv","0c4973a84774409a56845c7906464203929047c3fddceaf289e5eb293a13aefd","display_copy",0,0,"accepted_display_copy identity; rebuilt evidence recorded separately"
"reference/accepted/appendix_tables/H22_quadratic_campaign_year_table_body.csv","output/tables/appendix/H22_quadratic_campaign_year_table_body.csv","aca260a0afbf788cb25b06eb79bd1eba04a7bd6e7da7f11f31b2f36e2bf20d85","display_copy",0,0,"accepted_display_copy identity; rebuilt evidence recorded separately"
"reference/accepted/appendix_tables/H22_rest_ordered_table_body.csv","output/tables/appendix/H22_rest_ordered_table_body.csv","32c23b85fa7dfa630e1e941b5181a9106fd04754cfab36dd8b1574ce6d3fae80","display_copy",0,0,"accepted_display_copy identity; rebuilt evidence recorded separately"
"reference/accepted/appendix_tables/H22_rest_robustness_table_body.csv","output/tables/appendix/H22_rest_robustness_table_body.csv","bf8e73e6f9ddac909c2c655a6e6fd5e27c805e345944de1ea76c1e8ab6aea5e5","display_copy",0,0,"accepted_display_copy identity; rebuilt evidence recorded separately"
"reference/accepted/appendix_tables/H22_strict_success_campaign_table_body.csv","output/tables/appendix/H22_strict_success_campaign_table_body.csv","f9881860543ec45c74fa09d1abd6d5e177e5a52c4f6f1c611d2a63443c17eda8","display_copy",0,0,"accepted_display_copy identity; rebuilt evidence recorded separately"
"reference/accepted/appendix_tables/H22_strict_success_campaign_year_table_body.csv","output/tables/appendix/H22_strict_success_campaign_year_table_body.csv","9e93aa1bba8faa8a366fe2c680cb0b00092c850ebd8539f257c72a427b809258","display_copy",0,0,"accepted_display_copy identity; rebuilt evidence recorded separately"
"reference/accepted/appendix_tables/H3_additional_moderators_table_body.csv","output/tables/appendix/H3_additional_moderators_table_body.csv","033e8b8b8955620ad3ce53e42ef31d03fceca4e8d48d330e62664acb2ae2844f","display_copy",0,0,"accepted_display_copy identity; rebuilt evidence recorded separately"
"reference/accepted/appendix_tables/H3_campaign_year_concession_table_body.csv","output/tables/appendix/H3_campaign_year_concession_table_body.csv","bcf65cbe2770b6890e08fc35e5eae7cd5f0b477f39c80e09cfea2d1922c2f213","display_copy",0,0,"accepted_display_copy identity; rebuilt evidence recorded separately"
"reference/accepted/appendix_tables/H3_campaign_year_strict_table_body.csv","output/tables/appendix/H3_campaign_year_strict_table_body.csv","fb6792e58c145568d0a263738763ab847817e9989c718bf2637d768093ec666b","display_copy",0,0,"accepted_display_copy identity; rebuilt evidence recorded separately"
"reference/accepted/appendix_tables/H3_ordered_table_body.csv","output/tables/appendix/H3_ordered_table_body.csv","4d98fe1e457a462a49e6991743ecc80419007af209a342ce9218ba3e743ce23c","display_copy",0,0,"accepted_display_copy identity; rebuilt evidence recorded separately"
"reference/accepted/appendix_tables/H3_sensitivity_table_body.csv","output/tables/appendix/H3_sensitivity_table_body.csv","a789bc76c943352df3e7eb2d4135ffef4543abe90ac0869e49aef970fe044193","display_copy",0,0,"accepted_display_copy identity; rebuilt evidence recorded separately"
"reference/accepted/appendix_tables/H3_strict_success_campaign_table_body.csv","output/tables/appendix/H3_strict_success_campaign_table_body.csv","8a867754277fdcc452a13386353183f5bdc8622ad52ce7b766ddd4b3a65cd569","display_copy",0,0,"accepted_display_copy identity; rebuilt evidence recorded separately"
"reference/accepted/appendix_tables/appendix_A2_success_dv_table_body.csv","output/tables/appendix/appendix_A2_success_dv_table_body.csv","a0dd2db421253239e66216f7761ddfab2d454938af750783a566f445e6d77d34","display_copy",0,0,"accepted_display_copy identity; rebuilt evidence recorded separately"
"reference/accepted/appendix_tables/appendix_A4_sensemakr_bounds_table_body.csv","output/tables/appendix/appendix_A4_sensemakr_bounds_table_body.csv","f4a9522cebd6f8006ae176f6234d75cab81d0e94a925147280c2bf90dcb087b5","display_copy",0,0,"accepted_display_copy identity; rebuilt evidence recorded separately"
"reference/accepted/appendix_tables/appendix_A5_ongoing_sensitivity_table_body.csv","output/tables/appendix/appendix_A5_ongoing_sensitivity_table_body.csv","122b5cfb4da1c204ceb3f7c24c77fbd7e13aa064e30ea574bb45f8daad38b66d","display_copy",0,0,"accepted_display_copy identity; rebuilt evidence recorded separately"
"reference/accepted/appendix_tables/inference_diagnostics_cox_ph_table_body.csv","output/tables/appendix/C26_panel_1_table_body.csv","338076e210c2d29745101df23fbb590006a7c825c2410d10c8203ded913cf693","display_copy",0,0,"accepted_display_copy identity; rebuilt evidence recorded separately"
"reference/accepted/appendix_tables/inference_diagnostics_cox_power_quarantine_table_body.csv","output/tables/appendix/C26_panel_2_table_body.csv","dcd717b380393f70380cfdb576e4886c8eb72532be547ddfc8e5cd5eee7ed5f3","display_copy",0,0,"accepted_display_copy identity; rebuilt evidence recorded separately"
"reference/accepted/appendix_tables/inference_diagnostics_weibull_table_body.csv","output/tables/appendix/C26_panel_3_table_body.csv","88d4aaa3890998b6da0a6f255fb311a4daabc391f45b9bcaf21e9c40df0262aa","display_copy",0,0,"accepted_display_copy identity; rebuilt evidence recorded separately"
"reference/accepted/figure_data/Figure_7_plot_data.csv","output/figures/Figure_7_plot_data.csv","715f7a9139b515f29ee5378b656919c574e38d5d5cad03575247d2ffd08b1b3d","numeric",1e-08,1e-08,"accepted plotted data"
"reference/accepted/figure_data/Figure_8_plot_data.csv","output/figures/Figure_8_plot_data.csv","1fae9ade8d7179baa9445c73b1b5a89e7caa6088df3c3e665ced8911213a20d1","numeric",1e-08,1e-08,"accepted plotted data"
"reference/accepted/figure_data/Figure_9_plot_data.csv","output/figures/Figure_9_plot_data.csv","edba0331d57880a997790ef9ff1a393894c2e4d895c435cf51f6a2aeab780177","numeric",1e-08,1e-08,"accepted plotted data"
"reference/accepted/figure_data/Figure_C1_plot_data.csv","output/figures/Figure_C1_plot_data.csv","d2a059ad5fc12a2967eaaf267071b1e5e243c8650594ef6fad93f73a6eca144d","numeric",1e-08,1e-08,"accepted plotted data"
"reference/accepted/figure_data/Figure_C2_plot_data.csv","output/figures/Figure_C2_plot_data.csv","891795e195278a98c4bc615c848cf1b33fc774d86ff64bfa0f730784b43d78da","numeric",1e-08,1e-08,"accepted plotted data"
"reference/accepted/figures/fig_h1_appendix_forest_beta_eng2.pdf","","33a7dc4009a5f10896ff82357c0ae994521433932a90757cd09445b3281d0d5d","inventory",0,0,"accepted PDF rendering; plotted data validated separately"
"reference/accepted/figures/fig_h22_table3_cols3_4_trade_interaction.pdf","","453cdaa3b3cee07904d3b2eead53b721f3fd836665362c9d05ab148b7cd63f9f","inventory",0,0,"accepted PDF rendering; plotted data validated separately"
"reference/accepted/figures/fig_h3_appendix_forest_beta_int.pdf","","39050771504f5c816c537c2aeca6a783f1d8e9b56b4ce50d5c53ba3c2b135d4c","inventory",0,0,"accepted PDF rendering; plotted data validated separately"
"reference/accepted/figures/fig_h3_table4_cols1_2_5_6_interactions.pdf","","c2e53a97c552097936730d177ef4d999716c4e1a7b74400b3f65cf965716eab4","inventory",0,0,"accepted PDF rendering; plotted data validated separately"
"reference/accepted/figures/fig_marginal_h1.pdf","","54ad8bd23dff9fafadd4eacba347110f1ea547f5e44e33168a5837e2a95fca85","inventory",0,0,"accepted PDF rendering; plotted data validated separately"
"reference/accepted/main_tables/H1_main_table_body.csv","output/tables/main/H1_main_table_body.csv","75283c06aab437b4dfda5aa2b2b877e5dae349c67c140052d5c00551f11d6267","display_copy",0,0,"accepted_display_copy identity; rebuilt evidence recorded separately"
"reference/accepted/main_tables/H21_main_table_body.csv","output/tables/main/H21_main_table_body.csv","de9d1de08f7472aa062515a4431df766fccdad73ae016ce4532a9401c0eeb6e1","display_copy",0,0,"accepted_display_copy identity; rebuilt evidence recorded separately"
"reference/accepted/main_tables/H22_main_table_body.csv","output/tables/main/H22_main_table_body.csv","99f65e8ef593c9559918bef06b8c6cf3e327185dfbb625ecd01324f0cfd4cbc9","display_copy",0,0,"accepted_display_copy identity; rebuilt evidence recorded separately"
"reference/accepted/main_tables/H3_main_table_body.csv","output/tables/main/H3_main_table_body.csv","df862d8347bcf78eab8273830bde9aed940cadd635198c25dcdcae07ad6eb63f","display_copy",0,0,"accepted_display_copy identity; rebuilt evidence recorded separately"
"reference/accepted/model_results/H1_curvilinear_results.csv","output/estimates/H1_curvilinear_results.csv","eb0029a2b2d8e01c8d3e5f600271e8231ee49fa9f6d4e1128fc2fe72b610a158","numeric",1e-08,1e-08,"deterministic accepted model output"
"reference/accepted/model_results/H21_curvilinear_appendix_results.csv","output/estimates/H21_curvilinear_appendix_results.csv","c68b3655c58363dc268fdcedd550b44b495f86e09f07ef5be3e2202d8f997a98","numeric",1e-08,1e-08,"deterministic accepted model output"
"reference/accepted/model_results/H21_limited_success_results.csv","output/estimates/H21_limited_success_results.csv","f78471c30b40af21e642504bd93bd7ee8730cb89f58f952698b11202a2947839","numeric",1e-08,1e-08,"deterministic accepted model output"
"reference/accepted/model_results/H21_results.csv","output/estimates/H21_results.csv","aa0818441c72bf8064965011d0c4571d079260296765dcc017560f9ceb64bc15","numeric",1e-08,1e-08,"deterministic accepted model output"
"reference/accepted/model_results/H22_results.csv","output/estimates/H22_results.csv","8859e35d0f1ffe89e4b27e8349335023bf0cf5b87d1dcab1d2d128d0bfd64b7b","numeric",1e-08,1e-08,"deterministic accepted model output"
"reference/accepted/model_results/H22_quadratic_campaign_results.csv","output/estimates/H22_quadratic_campaign_results.csv","6200848f275fda7d70834421188fb2c687c4393e89e8b83fa08c2a1eb1cfae9e","numeric",1e-08,1e-08,"C9 stable-ID coefficient output"
"reference/accepted/model_results/H22_quadratic_campaign_year_results.csv","output/estimates/H22_quadratic_campaign_year_results.csv","56b0cddb57dcd78346f21a6265cecac0194db8c5b374709b91e9f9c3216c9cf0","numeric",1e-08,1e-08,"C12 stable-ID coefficient output"
"reference/accepted/model_results/H3_results.csv","output/estimates/H3_results.csv","d524a291a1251bdc2b4b9e69717f0f91cdbeb9a0ce68feb3f358367d3b35bac5","numeric",1e-08,1e-08,"deterministic accepted model output"
"reference/accepted/model_results/H3_table4_additional_moderators_results.csv","output/estimates/H3_table4_additional_moderators_results.csv","a6c7ab013c127b11276cc69439ca4657239f1e394bcf186fd56a98bfed43cf35","numeric",1e-08,1e-08,"deterministic accepted model output"
"reference/accepted/model_results/appendix_nonviolent_subsample_results.csv","output/estimates/appendix_nonviolent_subsample_results.csv","e5a7c0fab490f3ea301b280100341da7e7655b8939bade795caa643366efe3db","numeric",1e-08,1e-08,"deterministic accepted model output"
"reference/accepted/model_results/appendix_ongoing_sensitivity_results.csv","output/estimates/appendix_ongoing_sensitivity_results.csv","debebe8bd3bfe7ee35b238c283bcb2a82003d96f90df69599b4559da2d918b84","numeric",1e-08,1e-08,"deterministic accepted model output"
"reference/accepted/model_results/appendix_sensemakr_bounds_results.csv","output/estimates/appendix_sensemakr_bounds_results.csv","1905200356e0749ca11a66ee1f30107381afbcd13265bc3c768c9f6286ef7c72","numeric",1e-08,1e-08,"deterministic accepted model output"
"reference/accepted/model_results/cox_power_quarantine_audit.csv","output/diagnostics/cox_power_quarantine_audit.csv","094db6929bf07b63d7e5f4d519fb75f729430ce0776edef830a87cb4a57a7168","advisory_csv",0,0,"frozen_passthrough Cox quarantine archive; nonblocking"
"reference/accepted/model_results/cox_ph_diagnostics.csv","output/diagnostics/inference_diagnostics_cox_ph.csv","28bc89f7cfe0a33fd51991c3ea734e07aa107b87405cdd012c8db17e67b2422a","numeric",1e-08,1e-08,"fresh 34-row Cox PH diagnostic output"
"reference/accepted/model_results/power_h1.csv","output/estimates/power_h1.csv","b436db7f75cd4becd1d88309eb421c4aafc10dd3aca2b053175bc52fae2071b9","exact",0,0,"accepted_codestack_copy; byte-exact from authoritative accepted stack"
"reference/accepted/model_results/power_h1_summary.csv","output/diagnostics/power_h1_summary.csv","a7f5c04fa43082c3f8dfdccd843bdd6c7b334abd823ab2a9522ce5378390ecf6","exact",0,0,"accepted_codestack_copy; byte-exact from authoritative accepted stack"
"reference/accepted/model_results/power_h21.csv","output/estimates/power_h21.csv","1a31eba12dde90e17b72f0b9b14a06e48bd444e654001481fe9f4e8895b3d776","exact",0,0,"accepted_codestack_copy; byte-exact from authoritative accepted stack"
"reference/accepted/model_results/power_h21_summary.csv","output/diagnostics/power_h21_summary.csv","ed04af27443a612ebf5fe7d934c66907c0ae0da30a7752ea094a26533d2919a4","exact",0,0,"accepted_codestack_copy; byte-exact from authoritative accepted stack"
"reference/accepted/model_results/power_h22.csv","output/estimates/power_h22.csv","94ecd784053c8f39575542dbe844b7af00d15a35b7d26a9300ba8f6131611356","exact",0,0,"accepted_codestack_copy; byte-exact from authoritative accepted stack"
"reference/accepted/model_results/power_h22_summary.csv","output/diagnostics/power_h22_summary.csv","f99c146151fc2bcad2eb70137e533add4bea6a70798bd20f5667bc0887c1ccec","exact",0,0,"accepted_codestack_copy; byte-exact from authoritative accepted stack"
"reference/accepted/model_results/power_h3.csv","output/estimates/power_h3.csv","265aabf6a219970a826ea157a942c15b1a0736ceabafe75f40e21a5d29aafddf","exact",0,0,"accepted_codestack_copy; byte-exact from authoritative accepted stack"
"reference/accepted/model_results/power_h3_summary.csv","output/diagnostics/power_h3_summary.csv","989f756093b9cf51e7a987ca2c50077f2c5dfa51d3b2005f98673015b54a4a98","exact",0,0,"accepted_codestack_copy; byte-exact from authoritative accepted stack"
"reference/accepted/model_results/weibull_bootstrap_calibration.csv","output/diagnostics/weibull_bootstrap_calibration.csv","e2909d88bd47d82f4410025304f0f027a5009ca18de74ad7464b660b12b10697","exact",0,0,"accepted_codestack_copy; byte-exact from authoritative accepted stack"
"reference/accepted/model_results/weibull_power_diagnostic_audit.csv","output/diagnostics/weibull_power_diagnostic_audit.csv","79ff5e54a89fb5475aa7e9c9698e0e37e3faed61822ba3aae7215304c26fabb3","exact",0,0,"accepted_codestack_copy; byte-exact from authoritative accepted stack"
"reference/accepted/provenance/C20_provenance.csv","","cb5cceac4543f52f4d3b3b997de81eb510e83d7a6c2a32d70e908e152d3b4ac4","inventory",0,0,"accepted frozen-input lineage contract"
"reference/accepted/provenance/archival_passthroughs.csv","","2c6d8470b8380717751869c31f7bd0c1cfb1f12233ed833889812d8716d098af","inventory",0,0,"explicit frozen_passthrough lineage contract"
"reference/accepted/provenance/derived_numeric_references.csv","","d81dca5442b88d28798b25e23a2d08f1d58a847e690847ab48230a5f245ca2ff","inventory",0,0,"explicit frozen_derived_reference lineage contract"
"reference/accepted/exhibit_manifest.csv","","3aefb7665459a616d0ddebb405003760b7a9546a26b5fc3d61a8e4d18807470e","inventory",0,0,"hash-frozen accepted exhibit coverage contract"
"reference/accepted/provenance/power_seed_lineage.csv","","58edc1e87d9d14fc42a1e4c2c5f9bfce793591cfc7d89a5ae1211cfcbff319b0","inventory",0,0,"accepted-versus-fresh Monte Carlo seed relationship"
"reference/accepted/provenance/accepted_stochastic_artifacts.csv","","8cfeb6f1fb568ac1233449fe5abe118fb42640d0e6340e2efb66132bc1933b11","inventory",0,0,"verified accepted-codestack stochastic artifact lineage"
