"spec","estimator","moderator","focal_coef","beta_focal_hat","magnitude","beta_focal_sim","n_reps","fit_ok_rate","alpha","raw_power_overall","holm_proxy_power_overall","raw_power_conditional","holm_proxy_power_conditional","raw_power","holm_proxy_power","weibull_power_citable","weibull_power_status","weibull_calibration_source","weibull_empirical_alpha_nominal_05","weibull_z_critical_emp_05","weibull_z_critical_holm","weibull_p_calibrated_observed","weibull_calibration_fit_ok_rate","weibull_power_note"
"M5","Firth PML","fdiin_c","eng_c:fdiin_c",0.201141059739009,0,0,2000,1,0.05,0.04,0.004,0.04,0.004,0.04,0.004,NA,NA,NA,NA,NA,NA,NA,NA,NA
"M5","Firth PML","fdiin_c","eng_c:fdiin_c",0.201141059739009,0,0,2000,1,0.1,0.0935,0.009,0.0935,0.009,0.0935,0.009,NA,NA,NA,NA,NA,NA,NA,NA,NA
"M5","Firth PML","fdiin_c","eng_c:fdiin_c",0.201141059739009,0.25,0.0502852649347523,2000,1,0.05,0.0485,0.0035,0.0485,0.0035,0.0485,0.0035,NA,NA,NA,NA,NA,NA,NA,NA,NA
"M5","Firth PML","fdiin_c","eng_c:fdiin_c",0.201141059739009,0.25,0.0502852649347523,2000,1,0.1,0.091,0.011,0.091,0.011,0.091,0.011,NA,NA,NA,NA,NA,NA,NA,NA,NA
"M5","Firth PML","fdiin_c","eng_c:fdiin_c",0.201141059739009,0.5,0.100570529869505,2000,1,0.05,0.0435,0.0055,0.0435,0.0055,0.0435,0.0055,NA,NA,NA,NA,NA,NA,NA,NA,NA
"M5","Firth PML","fdiin_c","eng_c:fdiin_c",0.201141059739009,0.5,0.100570529869505,2000,1,0.1,0.0935,0.007,0.0935,0.007,0.0935,0.007,NA,NA,NA,NA,NA,NA,NA,NA,NA
"M5","Firth PML","fdiin_c","eng_c:fdiin_c",0.201141059739009,1,0.201141059739009,2000,1,0.05,0.049,0.008,0.049,0.008,0.049,0.008,NA,NA,NA,NA,NA,NA,NA,NA,NA
"M5","Firth PML","fdiin_c","eng_c:fdiin_c",0.201141059739009,1,0.201141059739009,2000,1,0.1,0.099,0.0135,0.099,0.0135,0.099,0.0135,NA,NA,NA,NA,NA,NA,NA,NA,NA
"M5","Firth PML","fdiin_c","eng_c:fdiin_c",0.201141059739009,2,0.402282119478018,2000,1,0.05,0.0505,0.0075,0.0505,0.0075,0.0505,0.0075,NA,NA,NA,NA,NA,NA,NA,NA,NA
"M5","Firth PML","fdiin_c","eng_c:fdiin_c",0.201141059739009,2,0.402282119478018,2000,1,0.1,0.1035,0.0145,0.1035,0.0145,0.1035,0.0145,NA,NA,NA,NA,NA,NA,NA,NA,NA
"M6","Firth PML","trade_c","eng_c:trade_c",15.0501074941505,0,0,2000,1,0.05,0.042,0.004,0.042,0.004,0.042,0.004,NA,NA,NA,NA,NA,NA,NA,NA,NA
"M6","Firth PML","trade_c","eng_c:trade_c",15.0501074941505,0,0,2000,1,0.1,0.091,0.01,0.091,0.01,0.091,0.01,NA,NA,NA,NA,NA,NA,NA,NA,NA
"M6","Firth PML","trade_c","eng_c:trade_c",15.0501074941505,0.25,3.76252687353762,2000,1,0.05,0.097,0.013,0.097,0.013,0.097,0.013,NA,NA,NA,NA,NA,NA,NA,NA,NA
"M6","Firth PML","trade_c","eng_c:trade_c",15.0501074941505,0.25,3.76252687353762,2000,1,0.1,0.161,0.0275,0.161,0.0275,0.161,0.0275,NA,NA,NA,NA,NA,NA,NA,NA,NA
"M6","Firth PML","trade_c","eng_c:trade_c",15.0501074941505,0.5,7.52505374707524,2000,1,0.05,0.252,0.0605,0.252,0.0605,0.252,0.0605,NA,NA,NA,NA,NA,NA,NA,NA,NA
"M6","Firth PML","trade_c","eng_c:trade_c",15.0501074941505,0.5,7.52505374707524,2000,1,0.1,0.3845,0.1055,0.3845,0.1055,0.3845,0.1055,NA,NA,NA,NA,NA,NA,NA,NA,NA
"M6","Firth PML","trade_c","eng_c:trade_c",15.0501074941505,1,15.0501074941505,2000,1,0.05,0.6735,0.333,0.6735,0.333,0.6735,0.333,NA,NA,NA,NA,NA,NA,NA,NA,NA
"M6","Firth PML","trade_c","eng_c:trade_c",15.0501074941505,1,15.0501074941505,2000,1,0.1,0.7845,0.43,0.7845,0.43,0.7845,0.43,NA,NA,NA,NA,NA,NA,NA,NA,NA
"M6","Firth PML","trade_c","eng_c:trade_c",15.0501074941505,2,30.100214988301,2000,1,0.05,0.9715,0.8465,0.9715,0.8465,0.9715,0.8465,NA,NA,NA,NA,NA,NA,NA,NA,NA
"M6","Firth PML","trade_c","eng_c:trade_c",15.0501074941505,2,30.100214988301,2000,1,0.1,0.99,0.908,0.99,0.908,0.99,0.908,NA,NA,NA,NA,NA,NA,NA,NA,NA
"M7","Firth PML","lnaid_c","eng_c:lnaid_c",12.8750013411114,0,0,2000,1,0.05,0.0425,0.0055,0.0425,0.0055,0.0425,0.0055,NA,NA,NA,NA,NA,NA,NA,NA,NA
"M7","Firth PML","lnaid_c","eng_c:lnaid_c",12.8750013411114,0,0,2000,1,0.1,0.0865,0.0075,0.0865,0.0075,0.0865,0.0075,NA,NA,NA,NA,NA,NA,NA,NA,NA
"M7","Firth PML","lnaid_c","eng_c:lnaid_c",12.8750013411114,0.25,3.21875033527785,2000,1,0.05,0.0525,0.0095,0.0525,0.0095,0.0525,0.0095,NA,NA,NA,NA,NA,NA,NA,NA,NA
"M7","Firth PML","lnaid_c","eng_c:lnaid_c",12.8750013411114,0.25,3.21875033527785,2000,1,0.1,0.113,0.0175,0.113,0.0175,0.113,0.0175,NA,NA,NA,NA,NA,NA,NA,NA,NA
"M7","Firth PML","lnaid_c","eng_c:lnaid_c",12.8750013411114,0.5,6.4375006705557,2000,1,0.05,0.076,0.0115,0.076,0.0115,0.076,0.0115,NA,NA,NA,NA,NA,NA,NA,NA,NA
"M7","Firth PML","lnaid_c","eng_c:lnaid_c",12.8750013411114,0.5,6.4375006705557,2000,1,0.1,0.135,0.02,0.135,0.02,0.135,0.02,NA,NA,NA,NA,NA,NA,NA,NA,NA
"M7","Firth PML","lnaid_c","eng_c:lnaid_c",12.8750013411114,1,12.8750013411114,2000,1,0.05,0.217,0.0505,0.217,0.0505,0.217,0.0505,NA,NA,NA,NA,NA,NA,NA,NA,NA
"M7","Firth PML","lnaid_c","eng_c:lnaid_c",12.8750013411114,1,12.8750013411114,2000,1,0.1,0.327,0.081,0.327,0.081,0.327,0.081,NA,NA,NA,NA,NA,NA,NA,NA,NA
"M7","Firth PML","lnaid_c","eng_c:lnaid_c",12.8750013411114,2,25.7500026822228,2000,1,0.05,0.6225,0.2735,0.6225,0.2735,0.6225,0.2735,NA,NA,NA,NA,NA,NA,NA,NA,NA
"M7","Firth PML","lnaid_c","eng_c:lnaid_c",12.8750013411114,2,25.7500026822228,2000,1,0.1,0.7545,0.3825,0.7545,0.3825,0.7545,0.3825,NA,NA,NA,NA,NA,NA,NA,NA,NA
"M8","Firth PML","iodonor_c","eng_c:iodonor_c",10.3461361613876,0,0,2000,1,0.05,0.043,0.007,0.043,0.007,0.043,0.007,NA,NA,NA,NA,NA,NA,NA,NA,NA
"M8","Firth PML","iodonor_c","eng_c:iodonor_c",10.3461361613876,0,0,2000,1,0.1,0.0815,0.013,0.0815,0.013,0.0815,0.013,NA,NA,NA,NA,NA,NA,NA,NA,NA
"M8","Firth PML","iodonor_c","eng_c:iodonor_c",10.3461361613876,0.25,2.5865340403469,2000,1,0.05,0.0815,0.0115,0.0815,0.0115,0.0815,0.0115,NA,NA,NA,NA,NA,NA,NA,NA,NA
"M8","Firth PML","iodonor_c","eng_c:iodonor_c",10.3461361613876,0.25,2.5865340403469,2000,1,0.1,0.1475,0.02,0.1475,0.02,0.1475,0.02,NA,NA,NA,NA,NA,NA,NA,NA,NA
"M8","Firth PML","iodonor_c","eng_c:iodonor_c",10.3461361613876,0.5,5.1730680806938,2000,1,0.05,0.2125,0.052,0.2125,0.052,0.2125,0.052,NA,NA,NA,NA,NA,NA,NA,NA,NA
"M8","Firth PML","iodonor_c","eng_c:iodonor_c",10.3461361613876,0.5,5.1730680806938,2000,1,0.1,0.3115,0.0815,0.3115,0.0815,0.3115,0.0815,NA,NA,NA,NA,NA,NA,NA,NA,NA
"M8","Firth PML","iodonor_c","eng_c:iodonor_c",10.3461361613876,1,10.3461361613876,2000,1,0.05,0.695,0.3525,0.695,0.3525,0.695,0.3525,NA,NA,NA,NA,NA,NA,NA,NA,NA
"M8","Firth PML","iodonor_c","eng_c:iodonor_c",10.3461361613876,1,10.3461361613876,2000,1,0.1,0.812,0.4635,0.812,0.4635,0.812,0.4635,NA,NA,NA,NA,NA,NA,NA,NA,NA
"M8","Firth PML","iodonor_c","eng_c:iodonor_c",10.3461361613876,2,20.6922723227752,2000,1,0.05,0.995,0.93,0.995,0.93,0.995,0.93,NA,NA,NA,NA,NA,NA,NA,NA,NA
"M8","Firth PML","iodonor_c","eng_c:iodonor_c",10.3461361613876,2,20.6922723227752,2000,1,0.1,0.999,0.9685,0.999,0.9685,0.999,0.9685,NA,NA,NA,NA,NA,NA,NA,NA,NA
"M1","Weibull AFT","fdiin_c","eng_c:fdiin_c",-1.67706539494655,0,0,2000,1,0.05,0.078,0.019,0.078,0.019,0.078,0.019,FALSE,"nominal_wald_diagnostic_not_size_calibrated","weibull_bootstrap_calibration.csv",0.108108108108108,2.44501284272071,3.45515396272424,0.125125125125125,1,"Nominal survreg Wald power/MDE diagnostic; bootstrap calibration shows anti-conservative size, so this row is not size-calibrated citation-ready power."
"M1","Weibull AFT","fdiin_c","eng_c:fdiin_c",-1.67706539494655,0,0,2000,1,0.1,0.1445,0.0305,0.1445,0.0305,0.1445,0.0305,FALSE,"nominal_wald_diagnostic_not_size_calibrated","weibull_bootstrap_calibration.csv",0.108108108108108,2.44501284272071,3.45515396272424,0.125125125125125,1,"Nominal survreg Wald power/MDE diagnostic; bootstrap calibration shows anti-conservative size, so this row is not size-calibrated citation-ready power."
"M1","Weibull AFT","fdiin_c","eng_c:fdiin_c",-1.67706539494655,0.25,-0.419266348736638,2000,1,0.05,0.1105,0.024,0.1105,0.024,0.1105,0.024,FALSE,"nominal_wald_diagnostic_not_size_calibrated","weibull_bootstrap_calibration.csv",0.108108108108108,2.44501284272071,3.45515396272424,0.125125125125125,1,"Nominal survreg Wald power/MDE diagnostic; bootstrap calibration shows anti-conservative size, so this row is not size-calibrated citation-ready power."
"M1","Weibull AFT","fdiin_c","eng_c:fdiin_c",-1.67706539494655,0.25,-0.419266348736638,2000,1,0.1,0.195,0.039,0.195,0.039,0.195,0.039,FALSE,"nominal_wald_diagnostic_not_size_calibrated","weibull_bootstrap_calibration.csv",0.108108108108108,2.44501284272071,3.45515396272424,0.125125125125125,1,"Nominal survreg Wald power/MDE diagnostic; bootstrap calibration shows anti-conservative size, so this row is not size-calibrated citation-ready power."
"M1","Weibull AFT","fdiin_c","eng_c:fdiin_c",-1.67706539494655,0.5,-0.838532697473277,2000,1,0.05,0.1525,0.043,0.1525,0.043,0.1525,0.043,FALSE,"nominal_wald_diagnostic_not_size_calibrated","weibull_bootstrap_calibration.csv",0.108108108108108,2.44501284272071,3.45515396272424,0.125125125125125,1,"Nominal survreg Wald power/MDE diagnostic; bootstrap calibration shows anti-conservative size, so this row is not size-calibrated citation-ready power."
"M1","Weibull AFT","fdiin_c","eng_c:fdiin_c",-1.67706539494655,0.5,-0.838532697473277,2000,1,0.1,0.241,0.067,0.241,0.067,0.241,0.067,FALSE,"nominal_wald_diagnostic_not_size_calibrated","weibull_bootstrap_calibration.csv",0.108108108108108,2.44501284272071,3.45515396272424,0.125125125125125,1,"Nominal survreg Wald power/MDE diagnostic; bootstrap calibration shows anti-conservative size, so this row is not size-calibrated citation-ready power."
"M1","Weibull AFT","fdiin_c","eng_c:fdiin_c",-1.67706539494655,1,-1.67706539494655,2000,1,0.05,0.393,0.152,0.393,0.152,0.393,0.152,FALSE,"nominal_wald_diagnostic_not_size_calibrated","weibull_bootstrap_calibration.csv",0.108108108108108,2.44501284272071,3.45515396272424,0.125125125125125,1,"Nominal survreg Wald power/MDE diagnostic; bootstrap calibration shows anti-conservative size, so this row is not size-calibrated citation-ready power."
"M1","Weibull AFT","fdiin_c","eng_c:fdiin_c",-1.67706539494655,1,-1.67706539494655,2000,1,0.1,0.514,0.2165,0.514,0.2165,0.514,0.2165,FALSE,"nominal_wald_diagnostic_not_size_calibrated","weibull_bootstrap_calibration.csv",0.108108108108108,2.44501284272071,3.45515396272424,0.125125125125125,1,"Nominal survreg Wald power/MDE diagnostic; bootstrap calibration shows anti-conservative size, so this row is not size-calibrated citation-ready power."
"M1","Weibull AFT","fdiin_c","eng_c:fdiin_c",-1.67706539494655,2,-3.35413078989311,2000,1,0.05,0.8255,0.6145,0.8255,0.6145,0.8255,0.6145,FALSE,"nominal_wald_diagnostic_not_size_calibrated","weibull_bootstrap_calibration.csv",0.108108108108108,2.44501284272071,3.45515396272424,0.125125125125125,1,"Nominal survreg Wald power/MDE diagnostic; bootstrap calibration shows anti-conservative size, so this row is not size-calibrated citation-ready power."
"M1","Weibull AFT","fdiin_c","eng_c:fdiin_c",-1.67706539494655,2,-3.35413078989311,2000,1,0.1,0.8915,0.6815,0.8915,0.6815,0.8915,0.6815,FALSE,"nominal_wald_diagnostic_not_size_calibrated","weibull_bootstrap_calibration.csv",0.108108108108108,2.44501284272071,3.45515396272424,0.125125125125125,1,"Nominal survreg Wald power/MDE diagnostic; bootstrap calibration shows anti-conservative size, so this row is not size-calibrated citation-ready power."
"M2","Weibull AFT","trade_c","eng_c:trade_c",-5.7936391883341,0,0,2000,1,0.05,0.082,0.0145,0.082,0.0145,0.082,0.0145,FALSE,"nominal_wald_diagnostic_not_size_calibrated","weibull_bootstrap_calibration.csv",0.0840840840840841,2.13719089750923,3.0854365976357,0.022022022022022,1,"Nominal survreg Wald power/MDE diagnostic; bootstrap calibration shows anti-conservative size, so this row is not size-calibrated citation-ready power."
"M2","Weibull AFT","trade_c","eng_c:trade_c",-5.7936391883341,0,0,2000,1,0.1,0.145,0.029,0.145,0.029,0.145,0.029,FALSE,"nominal_wald_diagnostic_not_size_calibrated","weibull_bootstrap_calibration.csv",0.0840840840840841,2.13719089750923,3.0854365976357,0.022022022022022,1,"Nominal survreg Wald power/MDE diagnostic; bootstrap calibration shows anti-conservative size, so this row is not size-calibrated citation-ready power."
"M2","Weibull AFT","trade_c","eng_c:trade_c",-5.7936391883341,0.25,-1.44840979708353,2000,1,0.05,0.1215,0.025,0.1215,0.025,0.1215,0.025,FALSE,"nominal_wald_diagnostic_not_size_calibrated","weibull_bootstrap_calibration.csv",0.0840840840840841,2.13719089750923,3.0854365976357,0.022022022022022,1,"Nominal survreg Wald power/MDE diagnostic; bootstrap calibration shows anti-conservative size, so this row is not size-calibrated citation-ready power."
"M2","Weibull AFT","trade_c","eng_c:trade_c",-5.7936391883341,0.25,-1.44840979708353,2000,1,0.1,0.194,0.0425,0.194,0.0425,0.194,0.0425,FALSE,"nominal_wald_diagnostic_not_size_calibrated","weibull_bootstrap_calibration.csv",0.0840840840840841,2.13719089750923,3.0854365976357,0.022022022022022,1,"Nominal survreg Wald power/MDE diagnostic; bootstrap calibration shows anti-conservative size, so this row is not size-calibrated citation-ready power."
"M2","Weibull AFT","trade_c","eng_c:trade_c",-5.7936391883341,0.5,-2.89681959416705,2000,1,0.05,0.2535,0.087,0.2535,0.087,0.2535,0.087,FALSE,"nominal_wald_diagnostic_not_size_calibrated","weibull_bootstrap_calibration.csv",0.0840840840840841,2.13719089750923,3.0854365976357,0.022022022022022,1,"Nominal survreg Wald power/MDE diagnostic; bootstrap calibration shows anti-conservative size, so this row is not size-calibrated citation-ready power."
"M2","Weibull AFT","trade_c","eng_c:trade_c",-5.7936391883341,0.5,-2.89681959416705,2000,1,0.1,0.3595,0.118,0.3595,0.118,0.3595,0.118,FALSE,"nominal_wald_diagnostic_not_size_calibrated","weibull_bootstrap_calibration.csv",0.0840840840840841,2.13719089750923,3.0854365976357,0.022022022022022,1,"Nominal survreg Wald power/MDE diagnostic; bootstrap calibration shows anti-conservative size, so this row is not size-calibrated citation-ready power."
"M2","Weibull AFT","trade_c","eng_c:trade_c",-5.7936391883341,1,-5.7936391883341,2000,1,0.05,0.6665,0.362,0.6665,0.362,0.6665,0.362,FALSE,"nominal_wald_diagnostic_not_size_calibrated","weibull_bootstrap_calibration.csv",0.0840840840840841,2.13719089750923,3.0854365976357,0.022022022022022,1,"Nominal survreg Wald power/MDE diagnostic; bootstrap calibration shows anti-conservative size, so this row is not size-calibrated citation-ready power."
"M2","Weibull AFT","trade_c","eng_c:trade_c",-5.7936391883341,1,-5.7936391883341,2000,1,0.1,0.7635,0.4595,0.7635,0.4595,0.7635,0.4595,FALSE,"nominal_wald_diagnostic_not_size_calibrated","weibull_bootstrap_calibration.csv",0.0840840840840841,2.13719089750923,3.0854365976357,0.022022022022022,1,"Nominal survreg Wald power/MDE diagnostic; bootstrap calibration shows anti-conservative size, so this row is not size-calibrated citation-ready power."
"M2","Weibull AFT","trade_c","eng_c:trade_c",-5.7936391883341,2,-11.5872783766682,2000,1,0.05,0.9835,0.8845,0.9835,0.8845,0.9835,0.8845,FALSE,"nominal_wald_diagnostic_not_size_calibrated","weibull_bootstrap_calibration.csv",0.0840840840840841,2.13719089750923,3.0854365976357,0.022022022022022,1,"Nominal survreg Wald power/MDE diagnostic; bootstrap calibration shows anti-conservative size, so this row is not size-calibrated citation-ready power."
"M2","Weibull AFT","trade_c","eng_c:trade_c",-5.7936391883341,2,-11.5872783766682,2000,1,0.1,0.9915,0.9365,0.9915,0.9365,0.9915,0.9365,FALSE,"nominal_wald_diagnostic_not_size_calibrated","weibull_bootstrap_calibration.csv",0.0840840840840841,2.13719089750923,3.0854365976357,0.022022022022022,1,"Nominal survreg Wald power/MDE diagnostic; bootstrap calibration shows anti-conservative size, so this row is not size-calibrated citation-ready power."
"M3","Weibull AFT","lnaid_c","eng_c:lnaid_c",0.687251652120926,0,0,2000,0.9995,0.05,0.1095,0.032,0.109554777388694,0.032016008004002,0.1095,0.032,FALSE,"nominal_wald_diagnostic_not_size_calibrated","weibull_bootstrap_calibration.csv",0.115115115115115,2.44522613001986,3.48977168305625,0.895895895895896,1,"Nominal survreg Wald power/MDE diagnostic; bootstrap calibration shows anti-conservative size, so this row is not size-calibrated citation-ready power."
"M3","Weibull AFT","lnaid_c","eng_c:lnaid_c",0.687251652120926,0,0,2000,0.9995,0.1,0.178,0.0475,0.178089044522261,0.0475237618809405,0.178,0.0475,FALSE,"nominal_wald_diagnostic_not_size_calibrated","weibull_bootstrap_calibration.csv",0.115115115115115,2.44522613001986,3.48977168305625,0.895895895895896,1,"Nominal survreg Wald power/MDE diagnostic; bootstrap calibration shows anti-conservative size, so this row is not size-calibrated citation-ready power."
"M3","Weibull AFT","lnaid_c","eng_c:lnaid_c",0.687251652120926,0.25,0.171812913030231,2000,1,0.05,0.135,0.03,0.135,0.03,0.135,0.03,FALSE,"nominal_wald_diagnostic_not_size_calibrated","weibull_bootstrap_calibration.csv",0.115115115115115,2.44522613001986,3.48977168305625,0.895895895895896,1,"Nominal survreg Wald power/MDE diagnostic; bootstrap calibration shows anti-conservative size, so this row is not size-calibrated citation-ready power."
"M3","Weibull AFT","lnaid_c","eng_c:lnaid_c",0.687251652120926,0.25,0.171812913030231,2000,1,0.1,0.205,0.0485,0.205,0.0485,0.205,0.0485,FALSE,"nominal_wald_diagnostic_not_size_calibrated","weibull_bootstrap_calibration.csv",0.115115115115115,2.44522613001986,3.48977168305625,0.895895895895896,1,"Nominal survreg Wald power/MDE diagnostic; bootstrap calibration shows anti-conservative size, so this row is not size-calibrated citation-ready power."
"M3","Weibull AFT","lnaid_c","eng_c:lnaid_c",0.687251652120926,0.5,0.343625826060463,2000,1,0.05,0.1235,0.0325,0.1235,0.0325,0.1235,0.0325,FALSE,"nominal_wald_diagnostic_not_size_calibrated","weibull_bootstrap_calibration.csv",0.115115115115115,2.44522613001986,3.48977168305625,0.895895895895896,1,"Nominal survreg Wald power/MDE diagnostic; bootstrap calibration shows anti-conservative size, so this row is not size-calibrated citation-ready power."
"M3","Weibull AFT","lnaid_c","eng_c:lnaid_c",0.687251652120926,0.5,0.343625826060463,2000,1,0.1,0.1925,0.0465,0.1925,0.0465,0.1925,0.0465,FALSE,"nominal_wald_diagnostic_not_size_calibrated","weibull_bootstrap_calibration.csv",0.115115115115115,2.44522613001986,3.48977168305625,0.895895895895896,1,"Nominal survreg Wald power/MDE diagnostic; bootstrap calibration shows anti-conservative size, so this row is not size-calibrated citation-ready power."
"M3","Weibull AFT","lnaid_c","eng_c:lnaid_c",0.687251652120926,1,0.687251652120926,2000,0.9995,0.05,0.121,0.039,0.121060530265133,0.0390195097548774,0.121,0.039,FALSE,"nominal_wald_diagnostic_not_size_calibrated","weibull_bootstrap_calibration.csv",0.115115115115115,2.44522613001986,3.48977168305625,0.895895895895896,1,"Nominal survreg Wald power/MDE diagnostic; bootstrap calibration shows anti-conservative size, so this row is not size-calibrated citation-ready power."
"M3","Weibull AFT","lnaid_c","eng_c:lnaid_c",0.687251652120926,1,0.687251652120926,2000,0.9995,0.1,0.1945,0.054,0.194597298649325,0.0540270135067534,0.1945,0.054,FALSE,"nominal_wald_diagnostic_not_size_calibrated","weibull_bootstrap_calibration.csv",0.115115115115115,2.44522613001986,3.48977168305625,0.895895895895896,1,"Nominal survreg Wald power/MDE diagnostic; bootstrap calibration shows anti-conservative size, so this row is not size-calibrated citation-ready power."
"M3","Weibull AFT","lnaid_c","eng_c:lnaid_c",0.687251652120926,2,1.37450330424185,2000,1,0.05,0.14,0.038,0.14,0.038,0.14,0.038,FALSE,"nominal_wald_diagnostic_not_size_calibrated","weibull_bootstrap_calibration.csv",0.115115115115115,2.44522613001986,3.48977168305625,0.895895895895896,1,"Nominal survreg Wald power/MDE diagnostic; bootstrap calibration shows anti-conservative size, so this row is not size-calibrated citation-ready power."
"M3","Weibull AFT","lnaid_c","eng_c:lnaid_c",0.687251652120926,2,1.37450330424185,2000,1,0.1,0.2135,0.062,0.2135,0.062,0.2135,0.062,FALSE,"nominal_wald_diagnostic_not_size_calibrated","weibull_bootstrap_calibration.csv",0.115115115115115,2.44522613001986,3.48977168305625,0.895895895895896,1,"Nominal survreg Wald power/MDE diagnostic; bootstrap calibration shows anti-conservative size, so this row is not size-calibrated citation-ready power."
"M4","Weibull AFT","iodonor_c","eng_c:iodonor_c",-0.778795545638797,0,0,2000,1,0.05,0.1305,0.0325,0.1305,0.0325,0.1305,0.0325,FALSE,"nominal_wald_diagnostic_not_size_calibrated","weibull_bootstrap_calibration.csv",0.114114114114114,2.51739351565512,4.18889332312209,0.537537537537538,1,"Nominal survreg Wald power/MDE diagnostic; bootstrap calibration shows anti-conservative size, so this row is not size-calibrated citation-ready power."
"M4","Weibull AFT","iodonor_c","eng_c:iodonor_c",-0.778795545638797,0,0,2000,1,0.1,0.1995,0.0485,0.1995,0.0485,0.1995,0.0485,FALSE,"nominal_wald_diagnostic_not_size_calibrated","weibull_bootstrap_calibration.csv",0.114114114114114,2.51739351565512,4.18889332312209,0.537537537537538,1,"Nominal survreg Wald power/MDE diagnostic; bootstrap calibration shows anti-conservative size, so this row is not size-calibrated citation-ready power."
"M4","Weibull AFT","iodonor_c","eng_c:iodonor_c",-0.778795545638797,0.25,-0.194698886409699,2000,0.9995,0.05,0.121,0.0315,0.121060530265133,0.0315157578789395,0.121,0.0315,FALSE,"nominal_wald_diagnostic_not_size_calibrated","weibull_bootstrap_calibration.csv",0.114114114114114,2.51739351565512,4.18889332312209,0.537537537537538,1,"Nominal survreg Wald power/MDE diagnostic; bootstrap calibration shows anti-conservative size, so this row is not size-calibrated citation-ready power."
"M4","Weibull AFT","iodonor_c","eng_c:iodonor_c",-0.778795545638797,0.25,-0.194698886409699,2000,0.9995,0.1,0.2005,0.0445,0.200600300150075,0.0445222611305653,0.2005,0.0445,FALSE,"nominal_wald_diagnostic_not_size_calibrated","weibull_bootstrap_calibration.csv",0.114114114114114,2.51739351565512,4.18889332312209,0.537537537537538,1,"Nominal survreg Wald power/MDE diagnostic; bootstrap calibration shows anti-conservative size, so this row is not size-calibrated citation-ready power."
"M4","Weibull AFT","iodonor_c","eng_c:iodonor_c",-0.778795545638797,0.5,-0.389397772819399,2000,1,0.05,0.126,0.0345,0.126,0.0345,0.126,0.0345,FALSE,"nominal_wald_diagnostic_not_size_calibrated","weibull_bootstrap_calibration.csv",0.114114114114114,2.51739351565512,4.18889332312209,0.537537537537538,1,"Nominal survreg Wald power/MDE diagnostic; bootstrap calibration shows anti-conservative size, so this row is not size-calibrated citation-ready power."
"M4","Weibull AFT","iodonor_c","eng_c:iodonor_c",-0.778795545638797,0.5,-0.389397772819399,2000,1,0.1,0.211,0.0545,0.211,0.0545,0.211,0.0545,FALSE,"nominal_wald_diagnostic_not_size_calibrated","weibull_bootstrap_calibration.csv",0.114114114114114,2.51739351565512,4.18889332312209,0.537537537537538,1,"Nominal survreg Wald power/MDE diagnostic; bootstrap calibration shows anti-conservative size, so this row is not size-calibrated citation-ready power."
"M4","Weibull AFT","iodonor_c","eng_c:iodonor_c",-0.778795545638797,1,-0.778795545638797,2000,1,0.05,0.2025,0.06,0.2025,0.06,0.2025,0.06,FALSE,"nominal_wald_diagnostic_not_size_calibrated","weibull_bootstrap_calibration.csv",0.114114114114114,2.51739351565512,4.18889332312209,0.537537537537538,1,"Nominal survreg Wald power/MDE diagnostic; bootstrap calibration shows anti-conservative size, so this row is not size-calibrated citation-ready power."
"M4","Weibull AFT","iodonor_c","eng_c:iodonor_c",-0.778795545638797,1,-0.778795545638797,2000,1,0.1,0.296,0.083,0.296,0.083,0.296,0.083,FALSE,"nominal_wald_diagnostic_not_size_calibrated","weibull_bootstrap_calibration.csv",0.114114114114114,2.51739351565512,4.18889332312209,0.537537537537538,1,"Nominal survreg Wald power/MDE diagnostic; bootstrap calibration shows anti-conservative size, so this row is not size-calibrated citation-ready power."
"M4","Weibull AFT","iodonor_c","eng_c:iodonor_c",-0.778795545638797,2,-1.55759109127759,2000,1,0.05,0.356,0.135,0.356,0.135,0.356,0.135,FALSE,"nominal_wald_diagnostic_not_size_calibrated","weibull_bootstrap_calibration.csv",0.114114114114114,2.51739351565512,4.18889332312209,0.537537537537538,1,"Nominal survreg Wald power/MDE diagnostic; bootstrap calibration shows anti-conservative size, so this row is not size-calibrated citation-ready power."
"M4","Weibull AFT","iodonor_c","eng_c:iodonor_c",-0.778795545638797,2,-1.55759109127759,2000,1,0.1,0.4735,0.184,0.4735,0.184,0.4735,0.184,FALSE,"nominal_wald_diagnostic_not_size_calibrated","weibull_bootstrap_calibration.csv",0.114114114114114,2.51739351565512,4.18889332312209,0.537537537537538,1,"Nominal survreg Wald power/MDE diagnostic; bootstrap calibration shows anti-conservative size, so this row is not size-calibrated citation-ready power."
