"CAMPAIGN","LOCATION","ID","cow","iso3","BYEAR","EYEAR","target","success","limited","failure","ongoing","viol","NONVIOL","FSELFDET","REGCHANGE","SECESSION","OTHER","Num_Image_sum","Num_Banner_sum","Eng_Banner_sum","v2svindep","v2svdomaut","v2svinlaut","v2svstterr","v2csreprss","v2xcl_dmove","v2x_clpol","v2cldmovem","v2cldmovew","v2x_civlib","v2mecenefi","v2mecenefm","v2peedueq","v2caassemb","p_polity2","lngdp","lnpop","wdi_fdiin","wdi_import","wdi_export","aid_crsc","aid_crsio","aid_crnc","aid_crnio","ht_region","wdi_trade","wdi_eneimp","wdi_debt","dr_eg","dr_sg","dr_ig","atop_number","oecd_tiva_t1","fi_ftradeint_pd","ht_colonial","lengthofcampaign","lnlengthofcam","success3","lnnum_image_sum","lnaid","goals","eng_prob_general","nonviolent_camp","colonized","colonized_english"
"2009 Anti-Saakashvili Campaign","Georgia",332,372,"GEO",2009,2009,"Government of Georgia","0","0","1",0,"0",1,0,1,0,0,30,45,2,1,1.76,2.271,79.333,2.408,0.754,0.785,1.094,1.312,0.718,1.638,0.527,2.19,0.602,6,7.97147617337898,15.1542989175249,6.13737283911673,48.6478372067163,29.5452018236406,776140096,865052032,27,12,"1",78.1930390303569,61.7229463324937,30.8567774936061,71.2338562011719,63.8063583374023,62.7755317687988,10,NA,8.49956513274127,0,0,0,"0",3.40119738166216,21.2186887226397,"REGCHANGE",0.0444444444444444,"1",0,0
"2012 Anti-Government Protests","Romania",517,360,"ROU",2012,2012,"Gov't of Romania","1","0","0",0,"0",1,0,1,0,0,115,275,26,1,1.933,2.08,99.636,2.712,0.879,0.892,1.631,2.076,0.911,2.125,1.155,1.291,1.805,9,9.01605595651379,16.8141403795684,1.70128984181448,40.7877139150902,35.7515194311254,NA,NA,NA,NA,"1",76.5392333462156,22.164301887136,40.3882426396179,65.8681335449219,75.5685272216797,77.0222015380859,24,NA,8.16909103128706,0,0,0,"2",4.74493212836325,NA,"REGCHANGE",0.0945454545454545,"1",0,0
"2013 Cambodian election protests","Cambodia",519,811,"KHM",2013,2014,"government of Cambodia","0","0","1",0,"0",1,0,1,0,0,536,907,122,1,1.808,1.511,95,-0.2845,0.6975,0.438,0.564,1.3905,0.4635,-0.1155,-0.258,-1.599,-0.082,2,6.98442468464881,16.5305529234769,12.3401204579436,67.3336545057566,62.4957049856651,734402752,464507200,25,13,"7",129.829359491422,32.3771289782909,NA,67.1096878051758,46.2679061889648,56.3960113525391,3,NA,7.35231329383526,6,1,0.693147180559945,"0",6.2841341610708,20.9046786084201,"REGCHANGE",0.134509371554576,"1",1,0
"2014 Mexican anti-Corruption Campaign","Mexico",525,70,"MEX",2014,2015,"Pena Nieto government","0","0","1",0,"0",1,0,1,0,0,146,502,53,1,1.897,1.969,87.2135,1.369,0.722,0.7815,1.321,0.815,0.683,1.189,0.9685,-0.961,2.2545,8,9.17505749407717,18.5984326424099,2.63488495460576,34.8080604319173,33.1991635757442,NA,NA,NA,NA,"2",68.0072240076615,-7.73004314757081,NA,57.6939105987549,66.8760528564453,68.9618644714355,1,NA,7.55847068163096,2,1,0.693147180559945,"0",4.98360662170834,NA,"REGCHANGE",0.105577689243028,"1",1,0
"2017 Anti-Gnassingbe","Togo",555,461,"TGO",2017,2019,"Gov't of Togo (Faure Gnassingbe)","0","0","1",1,"0",1,0,1,0,0,275,545,73,1,0.408333333333333,1.01933333333333,83.636,0.042,0.804,0.678333333333333,0.934,1.952,0.642666666666667,-1.10366666666667,0.465666666666667,1.60466666666667,1.91,-2,6.40009779903738,15.9008748587608,1.20932096474872,32.3071070212884,24.0917651763748,NA,NA,NA,NA,"4",56.3988721976632,NA,NA,44.8147900899251,43.9170875549316,50.9352099100749,5,NA,5.03466546121173,6,2,1.09861228866811,"0",5.61677109766657,NA,"REGCHANGE",0.13394495412844,"1",1,0
"2017 Iran Anti-Government Protests","Iran",551,630,"IRN",2017,2019,"Iranian Government","0","0","1",1,"0",1,0,1,0,0,1070,2391,254,1,1.27633333333333,1.51833333333333,89.0476666666667,-1.44,0.502,0.171,1.333,-0.836,0.261666666666667,-1.61466666666667,-1.35366666666667,0.788666666666667,-1.116,-7,8.55831496817084,18.2647550897898,0.759427650735917,25.8155994086016,25.4791023791657,NA,NA,NA,NA,"3",51.2947017877673,NA,NA,26.7338651021322,56.8522122701009,53.8624280293783,1,NA,4.04172996116358,0,2,1.09861228866811,"0",6.97541392745595,NA,"REGCHANGE",0.106231702216646,"1",0,0
"2018 Anti-government protests","Armenia",558,371,"ARM",2018,2018,"Gov't of Armenia","1","0","0",0,"0",1,0,1,0,0,663,1395,125,1,0.915,0.728,100,1.541,0.903,0.852,2.161,1.995,0.886,1.961,0.776,1.714,1.761,7,8.34661824177623,14.8581015507346,2.1420476257108,53.0802129926047,39.3928940286073,NA,NA,NA,NA,"1",92.473107021212,NA,NA,69.2689361572266,65.3825073242188,67.8694076538086,14,NA,8.46097861304486,0,0,0,"2",6.49677499018586,NA,"REGCHANGE",0.0896057347670251,"1",0,0
"2019 Georgian Protests","Georgia",569,372,"GEO",2019,2019,"Ghakaria govt","0","1","0",0,"0",1,0,1,0,0,692,1343,155,1,2.015,1.359,79.9,2.293,0.886,0.902,1.947,1.905,0.894,1.968,1.191,1.61,0.588,7,8.47081900128808,15.1292775048827,7.81983749589706,63.7808751662009,54.8184931411381,NA,NA,NA,NA,"1",118.599368307339,NA,45.1535059311799,81.2439498901367,73.3419952392578,71.1519470214844,NA,NA,9.11472443141266,0,0,0,"1",6.53958595561767,NA,"REGCHANGE",0.115413253909159,"1",0,0
"2019 Iranian protests","Iran",571,630,"IRN",2019,2019,"Khomenei regime","0","0","1",1,"0",1,0,1,0,0,505,1157,135,1,1.338,1.592,89.429,-1.501,0.502,0.163,1.333,-0.836,0.256,-1.583,-1.503,0.727,-1.49,-7,8.52061078824859,18.2763969162465,0.531459953106263,27.2704670825754,23.4838671400312,NA,NA,NA,NA,"3",50.7543342226066,NA,NA,28.0333461761475,56.953426361084,54.3405876159668,NA,NA,3.40736817547605,0,0,0,"0",6.22455842927536,NA,"REGCHANGE",0.116681071737252,"1",0,0
"97000 Resist campaign","Montenegro",574,341,"MNE",2019,2019,"Đukanović govt","0","0","1",0,"0",1,0,1,0,0,29,77,9,1,1.805,2.031,100,1.637,0.904,0.807,2.063,2.062,0.83,1.458,0.181,2.063,2.123,9,8.94691502777197,13.3407403867853,7.53492968014838,64.9979426211158,43.8466414367843,NA,NA,NA,NA,"1",108.8445840579,NA,NA,76.9474334716797,78.7130584716797,70.6489105224609,NA,NA,8.51268534001064,0,0,0,"0",3.36729582998647,NA,"REGCHANGE",0.116883116883117,"1",0,0
"Al Qaeda in the Arabian Peninsula","Yemen",341,679,"YEM",2009,2019,"Yemen government","0","0","1",1,"1",0,0,1,0,0,2132,4108,504,1,-0.876818181818182,-0.770545454545455,57.5159090909091,-0.527727272727273,0.147454545454545,0.379636363636364,-0.974181818181818,-1.68418181818182,0.281909090909091,-1.20318181818182,-1.18781818181818,-1.57136363636364,-0.514363636363636,0,7.5399434908902,17.1391459317641,-0.550647361907842,38.3349823313974,18.6786280809484,678304793.6,576140051.2,23.4,13,"3",57.0136104123458,-135.979768601471,NA,46.399827783758,37.3543829484419,49.551382931796,3,NA,6.70930201316151,5,10,2.39789527279837,"0",7.66481578528574,20.9499589577186,"REGCHANGE",0.122687439143135,"0",1,1
"Albanian anti-corruption","Albania",563,339,"ALB",2019,2019,"Rama government","0","0","1",1,"0",1,0,1,0,0,187,355,43,1,1.761,1.236,97.143,1.682,0.936,0.809,2.319,2.447,0.893,1.464,-0.037,1.344,1.854,9,8.42142794252469,14.8642989983956,7.7979181413124,44.9749244902205,31.3042701298034,NA,NA,NA,NA,"1",76.2791946200238,NA,75.6984882494976,68.4939422607422,67.0027542114258,66.0981521606445,NA,NA,8.23091099213713,0,0,0,"0",5.23110861685459,NA,"REGCHANGE",0.12112676056338,"1",0,0
"Anti Ali Adduallah Saleh Campaign","Yemen",316,679,"YEM",2011,2012,"Government (Saleh Regime)","1","0","0",0,"0",1,0,1,0,0,529,1279,88,1,-0.167,-0.2415,65.3075,0.0185,0.239,0.583,-0.4205,-1.093,0.439,-0.4595,-0.6525,-1.3125,-0.1225,-2,7.67515433585745,17.0678018357146,-0.811280680316516,34.6084770007131,27.6020705680232,459160336,481934336,22,13,"3",62.2105475687363,-163.511423797219,NA,51.6220626831055,37.1953411102295,51.7004146575928,3,NA,7.40279101043891,5,1,0.693147180559945,"2",6.2709884318583,20.6625543014156,"REGCHANGE",0.0688037529319781,"1",1,1
"Anti-Abdelaziz Bouteflika Campaign","Algeria",317,615,"DZA",2010,2012,"Abdelaziz Bouteflika's Government","0","1","0",0,"0",1,0,1,0,0,598,1294,109,1,1.539,1.511,89.1906666666667,-0.205,0.683,0.533,1.791,0.0456666666666667,0.602333333333333,0.348,-0.337,1.112,0.037,2,8.28794988501014,17.4142870246185,1.14339719625385,29.5409094643918,38.0410712667222,202039834.666667,111130232,21.3333333333333,6.33333333333333,"3",67.5819807311139,-245.654747183701,NA,41.5310503641764,48.3294448852539,56.3180923461914,9,NA,5.40361454867359,6,2,1.09861228866811,"1",6.39359075395063,19.5622569481226,"REGCHANGE",0.0842349304482226,"1",1,0
"Anti-Aziz Protests","Mauritania",339,435,"MRT",2011,2014,"Mohamed Ould Abdel Aziz Regime, Government run census","0","0","1",0,"0",1,0,1,0,0,75,159,13,1,1.421,1.546,90.07825,0.384,0.7865,0.74975,1.362,1.337,0.66375,1.264,1.1455,-2.0065,0.148,-2,7.30783219719056,15.1202216242738,13.1293217878438,55.4751707626912,45.3454912108967,249409328,290046581.333333,19,14.3333333333333,"4",100.820661973588,NA,NA,46.2322301864624,46.4121952056885,48.9434785842896,4,NA,6.10160775469659,6,3,1.38629436111989,"0",4.31748811353631,20.1060716161224,"REGCHANGE",0.0817610062893082,"1",1,0
"Anti-Ben Ali Campaign (Jasmin Revolution)","Tunisia",311,616,"TUN",2010,2011,"Government (Ben Ali Regime)","1","0","0",0,"0",1,0,1,0,0,354,871,97,1,1.431,1.294,90.107,0.0825,0.7635,0.536,1.511,1.2185,0.5435,-0.9025,0.2045,0.7265,-0.0215,-4,8.24212804970113,16.210109084279,1.89361535479134,53.1215033375623,47.0071912329558,672199264,1155658240,21,9.5,"3",100.128694570518,20.5830496250673,40.6233613734329,57.7394924163818,60.4663677215576,66.5908699035645,7,NA,5.95311102654457,6,1,0.693147180559945,"2",5.86929691313377,21.3264103556271,"REGCHANGE",0.111366245694604,"1",1,0
"Anti-Compaore Campaign","Burkina Faso",522,439,"BFA",2014,2014,"President Compaore","1","0","0",0,"0",1,0,1,0,0,75,109,11,1,0.729,0.624,85,2.65,0.892,0.899,1.961,1.983,0.816,0.645,1.407,-1.076,2.291,0,6.44035026828383,16.7152737446824,2.56255139217139,31.8915583395886,26.932004154154,NA,NA,NA,NA,"4",58.8235624937426,NA,NA,41.441722869873,38.687255859375,50.1081199645996,4,NA,6.1207329460884,6,0,0,"2",4.31748811353631,NA,"REGCHANGE",0.100917431192661,"1",1,0
"Anti-Erdogan","Turkey",520,640,"TUR",2013,2015,"Erdogan government","0","1","0",0,"0",1,0,1,0,0,2376,4926,564,1,1.595,1.983,95.7033333333333,-0.608666666666667,0.723333333333333,0.493,1.25566666666667,0.886,0.533333333333333,-0.857333333333333,-0.407333333333333,0.423,-0.836,3,9.25662670833433,18.1736472877917,1.68839740530017,27.9507716751424,24.5099428471321,912452736,7432960000,25,11,"3",52.4607145222744,74.1604489418109,30.8427086154461,55.5858840942383,66.8717244466146,71.3688074747721,17,NA,7.1288221119826,0,2,1.09861228866811,"1",7.77317368048254,22.8449778520343,"REGCHANGE",0.114494518879415,"1",0,0
"Anti-Erdogan II","Turkey",556,640,"TUR",2017,2019,"President Erdogan","0","0","1",1,"0",1,0,1,0,0,716,1797,198,1,1.556,1.796,92.875,-1.742,0.662333333333333,0.251666666666667,0.945,0.732666666666667,0.355,-1.14066666666667,-1.178,0.247,-1.84133333333333,-4,9.38062121266125,18.2318613780472,1.38958145767928,30.428588394041,29.906500668026,NA,NA,NA,NA,"3",60.335089062067,NA,31.1335575296213,55.4585227966309,64.8370768229167,70.9316584269206,17,NA,7.10232336066064,0,2,1.09861228866811,"0",6.57368016696065,NA,"REGCHANGE",0.110183639398998,"1",0,0
"Anti-Hernandez","Honduras",549,91,"HND",2017,2019,"Gov't of Honduras (Hernandez)","0","0","1",1,"0",1,0,1,0,0,456,869,96,1,0.509,0.728,87.9203333333333,1.24,0.81,0.779666666666667,1.701,1.249,0.766666666666667,1.361,0.604333333333333,-1.60566666666667,1.62766666666667,7,7.78920159610677,16.0971620984072,4.63548603379846,59.6415596441897,41.4890613569505,NA,NA,NA,NA,"2",101.13062100114,NA,NA,54.2293853759766,60.3937861124674,60.2368507385254,5,NA,6.85326309611032,2,2,1.09861228866811,"0",6.12249280951439,NA,"REGCHANGE",0.110471806674338,"1",1,0
"Anti-Houthi Movement","Yemen",540,679,"YEM",2015,2019,"Al-Houthi Rebel government","0","0","1",1,"0",1,0,1,0,0,1155,2749,233,1,-1.668,-1.4912,46.5254,-0.9548,0.0716,0.2096,-1.5134,-2.1444,0.1362,-2.0214,-1.7434,-2.042,-1.128,0,7.1726094757329,17.217788289172,-1.03466434522663,45.7254909852944,9.76618711540824,NA,NA,NA,NA,"3",55.4916781007027,NA,NA,40.5723648071289,37.8229736328125,47.3568222045898,3,NA,6.09068377290583,5,4,1.6094379124341,"0",7.05185562295589,NA,"REGCHANGE",0.0847580938523099,"1",1,1
"Anti-Interim Government","Kyrgyzstan",300,703,"KGZ",2010,2010,"Interim government","0","0","1",0,"0",1,0,1,0,0,73,120,7,1,0.98,0.997,90,0.81,0.633,0.716,0.923,0.518,0.626,-0.523,0.202,0.773,-0.58,4,6.8733198572138,15.5107407712833,9.860930706632,81.6785278167149,51.5543226756177,214706224,429607904,23,14,"1",133.232850492333,53.8807015810743,NA,64.4019165039062,56.6911735534668,59.3140563964844,19,NA,6.75021616607895,0,0,0,"0",4.29045944114839,20.2836969430939,"REGCHANGE",0.0583333333333333,"1",0,0
"Anti-Islamist Government Protests","Tunisia",312,616,"TUN",2013,2014,"Ennahda Party","1","0","0",0,"0",1,0,1,0,0,340,883,123,1,1.544,1.948,93.154,2.164,0.857,0.8705,2.039,1.462,0.7655,1.071,1.3845,0.785,1.85,6,8.2763151452474,16.2460152267525,2.10646325304312,53.5163999529262,43.727939574051,988729920,549661568,27,12,"3",97.2443395269773,33.0590855128766,NA,57.2889385223389,64.4748573303223,68.0053367614746,7,NA,6.70564121391583,6,1,0.693147180559945,"2",5.82894561761021,21.1540032198522,"REGCHANGE",0.139297848244621,"1",1,0
"Anti-Jovenel Moise Protests","Haiti",560,41,"HTI",2018,2019,"Moise government","0","0","1",1,"0",1,0,1,0,0,1090,2113,222,1,-0.357,0.342,92.3335,-0.455,0.7245,0.752,0.8875,1.2315,0.661,0.809,0.086,-1.93,0.835,5,7.24983670817376,16.2212323507696,0.572672336413255,36.9480171531435,11.2651542868613,NA,NA,NA,NA,"2",48.2131714400047,NA,NA,35.0687618255615,42.1313705444336,41.7103672027588,2,NA,7.80457890116822,6,1,0.693147180559945,"0",6.99393297522319,NA,"REGCHANGE",0.105063890203502,"1",1,0
"Anti-King Hamad Campaign","Bahrain",255,692,"BHR",2011,2019,"Monarchy of King Hamad","0","0","1",1,"0",1,0,1,0,0,376,1069,77,1,-0.691,-1.01133333333333,96.9996666666667,-1.85366666666667,0.347888888888889,0.118444444444444,-0.391444444444444,-0.22,0.210222222222222,-0.687666666666667,-1.88111111111111,0.882111111111111,-1.26711111111111,-10,10.0363420438075,14.1213589523743,3.37179811264623,74.0422052050106,87.9162166745566,343668,1428572,1,1,"3",161.958421879567,-61.0035419940975,NA,80.667234632704,74.4943144056532,68.2848943074544,4,NA,7.93617192966475,5,8,2.19722457733622,"0",5.92958914338989,14.3877554054141,"REGCHANGE",0.0720299345182413,"1",1,1
"Anti-Maoist Campaign","Nepal",516,790,"NPL",2012,2012,"Maoist Government","1","0","0",0,"0",1,0,1,0,0,63,104,8,1,1.203,0.821,91.462,2.019,0.774,0.912,1.365,1.231,0.839,0.988,2.299,-0.805,0.885,6,6.66070789702956,17.1235209509225,0.423691401450373,29.1716147722482,8.75029128742751,544259776,749288000,23,15,"8",37.9219060596757,15.7656618730103,NA,25.4718818664551,42.2377014160156,43.6137390136719,1,NA,6.20354121697455,0,0,0,"2",4.14313472639153,20.9806544951278,"REGCHANGE",0.0769230769230769,"1",0,0
"Anti-Martelly campaign","Haiti",524,41,"HTI",2014,2016,"Michel Matelly govt","1","0","0",0,"0",1,0,1,0,0,289,673,86,1,0.116,0.451,92.667,-0.293,0.812,0.760666666666667,1.342,1.631,0.716,1.046,0.111333333333333,-1.93,1.093,0,7.24486091816005,16.1729103612101,0.705443893693727,31.7378814625363,11.4319737782853,NA,NA,NA,NA,"2",43.1698552408215,22.0158699619565,NA,37.7175102233887,41.7595354715983,42.3562266031901,2,NA,8.27297718795299,6,2,1.09861228866811,"2",5.66642668811243,NA,"REGCHANGE",0.12778603268945,"1",1,0
"Anti-Morales Protests","Guatemala",548,90,"GTM",2017,2019,"Gov't of Guatemala (Morales)","0","0","1",1,"0",1,0,1,0,0,641,1495,169,1,1.32366666666667,1.245,88.363,1.25266666666667,0.719,0.808333333333333,1.411,0.689,0.740666666666667,0.975333333333333,0.859666666666667,-1.156,1.689,8,8.33629705934036,16.6095018116114,1.38943235728743,28.1073915382688,18.0922586180831,NA,NA,NA,NA,"2",46.1996501563519,NA,24.6783934774136,49.3383916219076,58.4758593241374,61.5503896077474,4,NA,8.30826451929384,2,2,1.09861228866811,"0",6.46302945692067,NA,"REGCHANGE",0.11304347826087,"1",1,0
"Anti-Morsi Protests","Egypt",262,651,"EGY",2013,2013,"President Morsi","1","0","0",0,"0",1,0,1,0,0,615,1125,132,1,1.158,0.855,84.727,-1.182,0.429,0.226,0.623,-0.659,0.217,-1.158,-1.348,-1.244,-2.138,-4,8.09673851493934,18.3521651514068,1.45343420769727,23.3551924317351,17.0178456245969,6917741568,1746383360,27,15,"3",40.373038056332,-6.89169048632898,NA,43.5047607421875,62.224178314209,65.5890045166016,4,NA,5.98558994941592,5,0,0,"2",6.42162226780652,22.8824567658625,"REGCHANGE",0.117333333333333,"1",1,1
"Anti-Nasheed Campaign","Maldives",515,781,"MDV",2012,2012,"President Mohammed Nasheed","1","0","0",0,"0",1,0,1,0,0,64,135,13,1,1.849,1.089,98,0.854,0.608,0.693,1.646,-0.404,0.621,0.4,0.856,1.07,-0.282,NA,9.09952325512837,12.8675717678724,7.89893947899641,NA,NA,18361484,30527972,15,8,"8",NA,NA,NA,64.1703491210938,61.1205139160156,46.1901206970215,1,NA,NA,5,0,0,"2",4.15888308335967,17.7050723279274,"REGCHANGE",0.0962962962962963,"1",1,1
"Anti-Nkurunziza Campaign","Burundi",530,516,"BDI",2015,2015,"Nkurunziza regime","0","0","1",0,"0",1,0,1,0,0,90,119,10,1,1.093,1.239,93.889,-2.171,0.255,0.183,-1.584,0.258,0.168,0.896,-2.3,-1.618,-1.318,-1,5.6676703202974,16.1882882824453,1.59867293929233,16.4210098504297,6.41727356534236,NA,NA,NA,NA,"4",22.8382834157721,NA,NA,31.0806121826172,33.3891754150391,39.9377517700195,4,NA,5.81162820080983,8,0,0,"0",4.49980967033027,NA,"REGCHANGE",0.0840336134453782,"1",1,0
"Anti-Orban","Hungary",550,310,"HUN",2017,2019,"Prime Minister Viktor Orban","0","0","1",1,"0",1,0,1,0,0,1188,2626,234,1,1.869,2.034,99.963,0.168,0.924,0.681333333333333,2.061,2.489,0.841333333333333,1.667,0.232666666666667,0.855666666666667,1.046,10,9.57239908280778,16.0956683963392,3.83384033077256,79.3505488847822,83.7403306352144,NA,NA,NA,NA,"1",163.090879519997,NA,87.2757717031922,81.8521245320638,80.3332799275716,84.1877034505208,25,NA,8.37468197127209,0,2,1.09861228866811,"0",7.08002649992259,NA,"REGCHANGE",0.0891089108910891,"1",0,0
"Anti-Ortega Protests","Nicaragua",561,93,"NIC",2018,2019,"Gov't of Nicaragua (Ortega)","0","0","1",1,"0",1,0,1,0,0,1283,2257,172,1,1.726,1.407,88.35,-1.888,0.373,0.1615,-0.6835,0.256,0.244,-2.06,-1.836,-0.589,-1.3265,6,7.6007877025151,15.7053156289829,5.21186065310022,50.6452723183486,43.6849635601839,NA,NA,NA,NA,"2",94.3302358785325,NA,NA,62.7584819793701,58.8032245635986,59.9457664489746,2,NA,8.13409760467372,2,1,0.693147180559945,"0",7.15695636461564,NA,"REGCHANGE",0.0762073548958795,"1",1,0
"Anti-Park protests","South Korea",538,732,"KOR",2015,2017,"President Park Geun-Hye and Government of South Korea","1","0","0",0,"0",1,0,1,0,0,755,3641,395,1,1.876,1.051,99.903,1.34633333333333,0.913,0.852666666666667,1.692,2.633,0.901333333333333,0.190666666666667,1.243,3.143,1.87133333333333,8,10.2921614780186,17.751215330291,0.729988950855613,35.2669340938372,41.3521397932733,NA,NA,NA,NA,"6",76.6190738871106,81.4483291731733,37.635702134718,61.2181104024251,81.6246058146159,77.6447245279948,4,NA,7.86990982318714,0,2,1.09861228866811,"2",6.62671774924902,NA,"REGCHANGE",0.108486679483658,"1",0,0
"Anti-Rousseff","Brazil",529,140,"BRA",2015,2016,"Gov't of Brazil","1","0","0",0,"0",1,0,1,0,0,687,2009,201,1,1.5325,1.5655,88.731,2.4125,0.887,0.9175,1.877,2.001,0.85,1.575,1.7635,-0.6565,1.538,8,9.06010331853235,19.1435026981842,3.86475381615208,13.060218777161,12.6834352310646,NA,NA,NA,NA,"2",25.7436540082256,NA,70.4781789186937,39.1250514984131,61.7172908782959,63.5979385375977,5,NA,6.66865657911451,7,1,0.693147180559945,"2",6.53233429222235,NA,"REGCHANGE",0.100049776007964,"1",1,0
"Anti-Shiite Government Protests","Iraq",514,645,"IRQ",2012,2014,"Prime Minister Maliki","0","1","0",0,"0",1,0,1,0,0,504,1102,95,1,-0.42,-0.167,66.7973333333333,0.964,0.421,0.563333333333333,0.948666666666667,-1.01533333333333,0.458666666666667,0.111666666666667,0.531,-0.427,-0.687666666666667,3,8.38739124761472,17.3812118394332,-1.29695839430459,28.9624971699445,41.0378994493062,1278564480,385857380,24.5,8.5,"3",70.0003966192507,-229.373728952607,NA,40.2462743123372,38.3300387064616,43.6685689290365,3,NA,NA,5,2,1.09861228866811,"1",6.22257626807137,21.2327436694497,"REGCHANGE",0.0862068965517241,"1",1,1
"Anti-Socialist Demonstrations","Bulgaria",507,355,"BGR",2009,2009,"Socialist Government","0","0","1",0,"0",1,0,1,0,0,87,189,26,1,1.888,1.682,99.909,2.252,0.853,0.875,1.727,1.691,0.9,2.072,1.434,1.277,1.983,9,8.74650605884662,15.8229784059892,7.49019992341879,50.473795516392,42.2188500872454,NA,348458784,NA,2,"1",92.6926456036375,43.7872348981496,20.1600090951992,71.7132186889648,71.9026184082031,76.3032073974609,28,NA,8.10270104529683,0,0,0,"0",4.46590811865458,19.6690305171826,"REGCHANGE",0.137566137566138,"1",0,0
"Anti-Vucic","Serbia",553,345,"SRB",2017,2019,"Gov't of Serbia (Vucic)","0","0","1",1,"0",1,0,1,0,0,878,1815,181,1,1.35633333333333,1.47166666666667,93.2913333333333,0.482666666666667,0.83,0.610666666666667,1.48733333333333,1.68466666666667,0.773666666666667,0.794,-1.37,1.60166666666667,2.512,8,8.74241242041042,15.758974718026,7.62641361813648,59.0200564105727,50.6390043640181,NA,NA,NA,NA,"1",109.659060774591,NA,NA,72.9856821695964,77.2597249348958,78.6308288574219,NA,NA,7.80938408461216,0,2,1.09861228866811,"0",6.77764659363512,NA,"REGCHANGE",0.0997245179063361,"1",0,0
"Anti-Wade June 23 Movement","Senegal",518,433,"SEN",2012,2012,"Wade regime","1","0","0",0,"0",1,0,1,0,0,23,66,11,1,1.655,1.578,91.625,2.252,0.831,0.893,1.825,1.342,0.845,1.499,0.743,-0.041,1.155,7,7.056965949697,16.398136075247,1.56368007926785,39.5009295824637,22.4743744215738,762651712,376788704,24,15,"4",61.9753040040375,44.9076421703363,NA,49.3385162353516,48.6613006591797,59.5660858154297,5,NA,6.63377634302249,6,0,0,"2",3.13549421592915,20.8538031165598,"REGCHANGE",0.166666666666667,"1",1,0
"Anti-Yameen","Maldives",350,781,"MDV",2015,2019,"Gayoom Regime","1","0","0",0,"0",1,0,1,0,0,225,568,56,1,1.5494,1.089,96.7942,0.0348,0.5664,0.5586,1.2812,-0.2932,0.5528,-0.8066,-0.4048,0.2918,-0.3016,NA,9.21167608831799,13.0632679357956,11.0600744976268,77.9282044095011,72.4364902507802,NA,NA,NA,NA,"8",150.364694660281,NA,NA,63.6315864562988,66.5729583740234,49.9393836975098,1,NA,NA,5,4,1.6094379124341,"2",5.41610040220442,NA,"REGCHANGE",0.0985915492957746,"1",1,1
"Anti-right wing government","Poland",544,290,"POL",2016,2019,"Law and Justice Party","0","0","1",1,"0",1,0,1,0,0,643,1758,288,1,1.8205,1.966,97.5,0.84025,0.7905,0.7875,1.12375,1.662,0.86275,1.602,0.3515,2.5245,1.377,10,9.54677703711393,17.4523407609747,2.9897924507067,49.1732502403245,52.0668421356557,NA,NA,NA,NA,"1",101.24009237598,NA,NA,73.1693820953369,78.0915088653564,80.7067127227783,22,NA,8.02848840006545,0,3,1.38629436111989,"0",6.46614472423762,NA,"REGCHANGE",0.16382252559727,"1",0,0
"Catalan separatist protest","Spain",545,230,"ESP",2016,2019,"Spanish Government","0","0","1",1,"0",1,0,0,1,0,2510,5800,451,1,1.852,2.01,99.08675,2.12275,0.946,0.9305,2.406,2.642,0.94925,1.94475,2.08375,1.974,2.5405,10,10.2181289343958,17.6603776946537,2.97261174704321,31.4501969606681,34.7612466061711,NA,NA,NA,NA,"5",66.2114435668392,NA,105.011480927152,77.0436897277832,83.9006290435791,85.4592342376709,17,NA,8.39215721115181,0,3,1.38629436111989,"0",7.82803803212583,NA,"SECESSION",0.0777586206896552,"1",0,0
"Civil Movement for Democracy","Thailand",308,800,"THA",2013,2014,"Yingluck government","1","0","0",0,"0",1,0,1,0,0,263,646,72,1,1.674,1.789,95.857,-0.573,0.863,0.386,1.795,1.8255,0.498,-1.266,-1.6925,0.545,0.0635,7,8.62150324585745,18.0607114151963,2.50636025985491,63.9012466921503,67.7826381171831,259915984,123282928,24,11,"7",131.683884809334,42.0206673617785,38.279252306546,65.3045768737793,68.2297859191895,70.7966194152832,5,NA,6.51446613784722,0,1,0.693147180559945,"2",5.57215403217776,19.7640647674181,"REGCHANGE",0.111455108359133,"1",0,0
"Colectiv Revolution","Romania",537,360,"ROU",2015,2015,"Romanian Government","1","0","0",0,"0",1,0,1,0,0,126,254,26,1,1.933,2.08,99.636,2.712,0.879,0.905,1.631,2.076,0.921,2.125,1.642,0.967,2.179,9,9.10240772174516,16.8019808716834,2.42729525022995,42.1716790383073,41.3494837368548,NA,NA,NA,NA,"1",83.5211627751621,NA,45.1699152164162,70.837760925293,76.1236953735352,79.1127319335938,24,NA,8.79534734617517,0,0,0,"2",4.83628190695148,NA,"REGCHANGE",0.102362204724409,"1",0,0
"Colorful Revolution","Macedonia",373,343,"MKD",2015,2017,"Macedonian Government","1","0","0",0,"0",1,0,1,0,0,634,1006,83,1,0.600666666666667,1.19066666666667,96.266,1.018,0.777,0.694666666666667,1.45966666666667,1.17966666666667,0.729333333333333,1.02366666666667,0.04,0.868333333333333,1.56233333333333,9,8.51049112747092,14.5442208091126,3.820616624668,66.4911915932352,51.515853804571,NA,NA,NA,NA,"1",118.007045397806,NA,NA,69.5215810139974,68.2402496337891,69.2689895629883,5.33333333333333,NA,7.80905292549017,0,2,1.09861228866811,"2",6.45204895443723,NA,"REGCHANGE",0.0825049701789264,"1",0,0
"Dance with me Campaign","Bulgaria",290,355,"BGR",2013,2014,"Gov't of PM Oresharski","1","0","0",0,"0",1,0,1,0,0,47,101,12,1,1.888,1.682,99.909,1.44,0.849,0.8205,1.678,1.691,0.867,1.704,0.9555,0.9105,1.93,9,8.81656709266746,15.7957567761836,2.73989013239314,65.4186832657314,64.5912914759058,NA,NA,NA,NA,"1",130.009974741637,36.8467287883338,27.2788534786711,75.111213684082,77.3271331787109,79.2625274658203,28,NA,8.33146096707638,0,1,0.693147180559945,"2",3.85014760171006,NA,"REGCHANGE",0.118811881188119,"1",0,0
"Day of Rage Protests","Iraq",511,645,"IRQ",2011,2011,"Prime Minister Nouri al-Maliki and Several government ministeries","0","1","0",0,"0",1,0,1,0,0,104,236,24,1,-1.002,-0.732,67.615,1.154,0.429,0.585,0.942,-0.959,0.485,0.106,0.531,-0.308,-0.632,3,8.29481252708542,17.2929916217771,1.12086339764167,27.7538051840835,44.4175230392819,1491123072,297043776,23,6,"3",72.1713282233655,-244.64882561357,NA,40.508960723877,35.1953620910645,41.9458656311035,3,NA,NA,5,0,0,"1",4.64439089914137,21.3044568253396,"REGCHANGE",0.101694915254237,"1",1,1
"Djibouti Arab Spring","Djibouti",260,522,"DJI",2011,2011,"Gov't of Djibouti (President Guelleh)","0","0","1",0,"0",1,0,1,0,0,101,248,26,1,1.452,1.077,92.583,0.285,0.63,0.377,1.07,0.364,0.429,-1.764,-1.619,-0.32,-0.735,2,NA,13.7502368332975,6.37538483893526,NA,NA,93828304,38457152,14,9,"4",NA,NA,NA,57.1225624084473,49.2426605224609,51.9249000549316,5,NA,NA,6,0,0,"0",4.61512051684126,18.7004726986288,"REGCHANGE",0.104838709677419,"1",1,0
"Euromaidan","Ukraine",314,369,"UKR",2013,2014,"President Yanukovych","1","0","0",0,"0",1,0,1,0,0,1212,1892,105,1,0.707,0.708,87.875,0.727,0.8465,0.702,1.4315,2.0125,0.673,0.995,0.2155,1.7305,0.2595,6,7.78587075883053,17.6306019026982,1.50069230904398,51.6015537253401,45.745172241561,336810080,2022286336,26,10,"1",97.3467259669011,26.4391831086308,49.6483593874347,61.5280513763428,71.4350280761719,73.0640869140625,35,NA,6.11107922699102,0,1,0.693147180559945,"2",7.10002716662926,21.5815445085164,"REGCHANGE",0.0554968287526427,"1",0,0
"Frente Nacionalæde Resistencia Popular (FNRP)","Honduras",266,91,"HND",2009,2009,"Coup government, led by Roberto Micheletti","0","0","1",0,"0",1,0,1,0,0,21,56,10,1,0.266,0.728,86.111,0.491,0.695,0.678,0.89,1.01,0.653,0.76,0.85,-1.182,0.949,7,7.62773024057533,15.9290276278517,3.38987200238322,57.3747551991386,39.5302508197518,223163616,149067456,22,9,"2",96.9050060188904,50.7136525011662,NA,56.5560684204102,59.2605781555176,59.6542549133301,4,NA,7.45759917450966,2,0,0,"0",3.04452243772342,19.7350253833734,"REGCHANGE",0.178571428571429,"1",1,0
"Green Revolution and Day of Rage","Iran",333,630,"IRN",2009,2013,"Government","0","1","0",0,"0",1,0,1,0,0,224,531,44,1,1.449,1.716,91.2194,-1.707,0.4498,0.13,1.071,-0.9436,0.2058,-1.8482,-1.9776,0.787,-1.292,-7,8.56381277029964,18.1510295078796,0.698371418726287,20.0326081730426,23.9405324976727,103314688,80164311.8,20.8,6.4,"3",43.9731406707154,-53.8215859567653,NA,30.0301425933838,50.3080154418945,52.4026893615723,1,NA,4.43631091960317,0,4,1.6094379124341,"1",5.41164605185504,19.0276107818533,"REGCHANGE",0.0828625235404896,"1",0,0
"Guatemala Uprising","Guatemala",370,90,"GTM",2015,2015,"Perez government","1","0","0",0,"0",1,0,1,0,0,790,3452,505,1,1.191,1.245,90.938,1.464,0.719,0.811,1.411,0.689,0.723,1.686,1.067,-1.156,1.689,8,8.2927079686845,16.5606907625676,1.93508421445702,30.0635456298848,19.8299076925978,NA,NA,NA,NA,"2",49.8934533224826,NA,24.9201770937784,51.1009063720703,57.3778038024902,61.9170379638672,4,NA,8.49562283988978,2,0,0,"2",6.67203294546107,NA,"REGCHANGE",0.146292004634994,"1",1,0
"Hernández Must Go campaign","Honduras",570,91,"HND",2019,2019,"Hernández govt","0","0","1",0,"0",1,0,1,0,0,113,230,17,1,0.509,0.728,86.333,1.542,0.81,0.794,1.701,1.249,0.782,1.361,0.539,-1.623,2.064,7,7.80225236926516,16.1139700523677,3.80668065182598,58.1090770358375,39.9185126725089,NA,NA,NA,NA,"2",98.0275897083463,NA,NA,54.5149269104004,60.4412994384766,60.3548164367676,NA,NA,6.84137214586677,2,0,0,"0",4.72738781871234,NA,"REGCHANGE",0.0739130434782609,"1",1,0
"Honduran indignados","Honduras",532,91,"HND",2015,2015,"Hernandez government","0","0","1",0,"0",1,0,1,0,0,116,254,26,1,0.509,0.728,88.143,0.91,0.81,0.755,1.701,1.249,0.756,1.361,0.942,-1.478,2.067,7,7.72189044818312,16.0449339232817,6.27595043384682,62.097647897982,45.1667574562581,NA,NA,NA,NA,"2",107.26440535424,NA,NA,56.271167755127,59.6697158813477,60.8854942321777,4,NA,6.99022953872424,2,0,0,"0",4.75359019110636,NA,"REGCHANGE",0.102362204724409,"1",1,0
"Hong Kong pro-democracy (Umbrella Movement)","China",523,710,"CHN",2014,2019,"Government of Hong Kong (Chief Executive Leung)","0","0","1",1,"0",1,0,1,0,1,3782,8584,964,1,2.239,2.427,96.8806666666667,-1.179,0.2665,0.0805,-0.748333333333333,-0.521166666666667,0.2385,-1.9935,-1.83916666666667,-0.3375,-1.964,-7,9.0842784474228,21.0533163076197,1.77680232504869,18.4481999999129,20.2771489473348,NA,NA,NA,NA,"6",38.7253489472477,15.0218007401139,NA,44.8828303019206,58.0566349029541,64.1959800720215,34.8,NA,6.4763850322391,0,5,1.79175946922805,"0",8.2380082492184,NA,"REGCHANGE",0.112301957129543,"1",0,0
"ISIS-Afghanistan","Afghanistan",436,700,"AFG",2015,2019,"Gov't of Afghanistan/Go'vt of US","0","0","1",1,"1",0,0,1,0,0,1677,3588,556,1,-0.245,-0.0266,53.1938,0.8528,0.4146,0.6436,0.6258,-0.763,0.506,0.1162,0.6756,-0.9182,0.843,-1,6.37509552224148,17.3906019004511,0.482032195594122,NA,NA,NA,NA,NA,NA,"8",NA,NA,NA,31.7242946624756,36.2121643066406,38.0845413208008,1,NA,NA,0,4,1.6094379124341,"0",7.42476176182321,NA,"REGCHANGE",0.154960981047938,"0",0,0
"Islamic State","Syria",356,652,"SYR",2013,2019,"Syrian government","0","0","1",1,"1",0,0,1,0,0,1972,4394,812,1,-1.92185714285714,-1.866,54.901,-2.36557142857143,0.116571428571429,0.0401428571428571,-1.303,-1.57385714285714,0.0665714285714286,-2.72442857142857,-3.021,-1.41242857142857,-2.949,-9,6.72106985173493,16.7979590630731,NA,38.9779247434362,14.004538695198,1727367680,603934528,29,10,"3",52.9824634386342,42.7811657063675,NA,33.152067729405,48.92926297869,46.4952463422503,3,NA,4.08251146232116,6,6,1.94591014905531,"0",7.58680353516258,21.5696928363871,"REGCHANGE",0.18479745106964,"0",1,0
"Islamist militia factions (Second Libyan Civil War)","Libya",301,620,"LBY",2014,2019,"General National Congress government","0","0","1",1,"1",0,0,1,0,0,486,822,142,1,-0.867,-0.0481666666666667,46.3231666666667,1.1595,0.310833333333333,0.617,-0.2395,-0.660333333333333,0.354166666666667,0.7025,1.1675,0.411,0.1125,0,9.09393509865333,15.6612671670596,0.000240665871503735,30.8982889301125,29.781576681903,NA,NA,NA,NA,"3",60.6798656120155,-102.964112042919,NA,48.9060306549072,49.0561370849609,53.4353141784668,6,NA,2.02096723233485,3,5,1.79175946922805,"0",6.18620862390049,NA,"REGCHANGE",0.172749391727494,"0",1,0
"Kirti Monastery Protests","China",513,710,"CHN",2012,2012,"Government of China","0","0","1",0,"0",1,0,0,1,0,65,96,12,1,2.239,2.427,97.2,-0.837,0.247,0.167,-0.88,-0.558,0.282,-1.996,-1.055,-0.243,-1.964,-7,8.79355910459518,21.0264693265549,2.82709055579985,22.7750001428849,25.4925222244964,1848459648,1295612416,26,10,"6",48.2675223673812,14.3597403782927,NA,44.5724029541016,54.4482536315918,62.6315879821777,32,NA,6.29850376263074,0,0,0,"0",4.17438726989564,21.8687846326883,"SECESSION",0.125,"1",0,0
"Kosovo Anti-Governmant Protests","Kosovo",533,347,"XKX",2015,2019,"Kosovo Government","0","0","1",1,"0",1,0,1,0,0,788,2118,230,1,0.296,1.0244,87.5666,1.3478,0.648,0.8744,0.629,0.924,0.802,1.4612,2.1408,1.3284,1.494,NA,NA,NA,NA,NA,NA,NA,NA,NA,NA,"1",NA,NA,NA,NA,NA,NA,NA,NA,NA,0,4,1.6094379124341,"0",6.66949808985788,NA,"REGCHANGE",0.108593012275732,"1",0,0
"Let's Save Togo (Anti-Gnassingbe)","Togo",309,461,"TGO",2012,2013,"President Faure Gnassingbe Regime","0","0","1",0,"0",1,0,1,0,0,64,98,10,1,0.787,0.957,85.5,1.3935,0.866,0.789,1.421,2.207,0.677,-0.976,1.086,1.9095,1.883,-2,6.24721926300957,15.7637653846848,3.69275313065542,62.7452232694635,45.8406924779783,114544188,208934560,20.5,14.5,"4",108.585915747442,19.8756834976909,NA,56.7243633270264,38.8864479064941,52.8787536621094,5,NA,5.70753156482128,6,1,0.693147180559945,"0",4.15888308335967,19.5946439788665,"REGCHANGE",0.102040816326531,"1",1,0
"Libyan Civil War","Libya",270,620,"LBY",2011,2011,"Qaddafi regime","1","0","0",0,"1",0,0,1,0,0,687,1281,161,1,-0.011,0.729,65.981,0.593,0.332,0.507,-0.016,-0.724,0.314,-0.63,-0.285,0.436,-1.09,0,8.81496525349984,15.6381438220571,0,24.8595388907261,38.1458963988027,330040640,48820356,24,5,"3",63.0054352895288,-138.440853969408,NA,49.9027481079102,47.1648025512695,52.6240158081055,7,NA,NA,3,0,0,"2",6.53233429222235,19.7526799332399,"REGCHANGE",0.12568306010929,"0",1,0
"M23","Democratic Republic of Congo",294,490,"COD",2012,2013,"Congo government","0","0","1",0,"1",0,0,1,0,0,534,627,43,1,0.973,0.196,75.216,-0.648,0.4875,0.5665,0.14,0.2685,0.439,-1.558,-0.36,-0.6,-0.028,5,6.06569304749166,18.0953514307235,7.53074013443189,39.2843931082566,33.6244351636525,1396916224,1104234208,23,15.5,"4",72.908828271909,-0.661202843529117,NA,36.2987823486328,29.8996610641479,44.2049198150635,7,NA,5.69436534834078,8,1,0.693147180559945,"0",6.2803958389602,21.6400166361733,"REGCHANGE",0.0685805422647528,"0",1,0
"Maoist Anti-Govt Protests","Nepal",274,790,"NPL",2010,2010,"Madhav Kumar Nepal Govt","1","0","0",0,"0",1,0,1,0,0,72,121,11,1,1.203,0.821,89.538,2.019,0.769,0.907,1.365,1.181,0.833,0.988,2.525,-0.805,0.885,6,6.58762591033855,17.1173135541304,0.548294665887946,36.4023696022884,9.58253617198229,524467136,913935744,25,13,"8",45.9849057742707,13.0671701693651,33.8625212320188,26.4794101715088,41.0064163208008,43.1522560119629,1,NA,6.22443129429205,0,0,0,"2",4.27666611901606,21.0867992245995,"REGCHANGE",0.0909090909090909,"1",0,0
"Moldovan ""Grapevine"" Revolution","Moldova",509,359,"MDA",2009,2009,"Communist Government","1","0","0",0,"0",1,0,1,0,0,20,46,7,1,0.518,1.084,77.909,0.568,0.882,0.672,1.692,2.1,0.705,0.039,0.222,1.358,0.508,9,7.65098271285535,14.8681532509172,4.85272145600077,73.4912043317434,36.8721225187512,90512000,154822480,25,11,"1",110.363326850495,95.9413394404509,27.6322264363496,63.8340034484863,61.1907577514648,63.0008659362793,16,NA,6.54917773937749,0,0,0,"2",2.99573227355399,19.3181330660032,"REGCHANGE",0.152173913043478,"1",0,0
"Moldovan Anti-Government Protest","Moldova",534,359,"MDA",2015,2016,"Moldovan Government","0","1","0",0,"0",1,0,1,0,0,502,854,75,1,0.518,1.229,77.455,1.154,0.877,0.756,1.644,2.07,0.81,0.92,0.44,1.2475,1.4655,9,7.94020953992203,14.8520992049772,1.9997819949364,56.3816357264894,32.1022835647559,NA,NA,NA,NA,"1",88.4839192912453,NA,27.6785276599256,65.2177238464355,70.2161254882812,67.9393310546875,16,NA,7.19036632488996,0,1,0.693147180559945,"1",6.21860011969173,NA,"REGCHANGE",0.0878220140515222,"1",0,0
"Montenegrin Opposition Protest","Montenegro",535,341,"MNE",2015,2015,"Montenegrin Government","0","0","1",0,"0",1,0,1,0,0,79,114,11,1,1.805,2.031,100,0.924,0.904,0.789,2.063,2.062,0.857,1.518,0.396,2.493,2.123,9,8.78219455285809,13.3409509660639,17.2603055675377,60.5709052261971,42.1180721256354,NA,NA,NA,NA,"1",102.688977351832,NA,NA,75.7000350952148,78.6426773071289,69.7685394287109,2,NA,8.32542610402921,0,0,0,"0",4.36944785246702,NA,"REGCHANGE",0.0964912280701754,"1",0,0
"Nasheed Supporters","Maldives",303,781,"MDV",2012,2013,"President Mohammed Waheed Hassan Government","0","0","1",0,"0",1,0,1,0,0,612,936,108,1,1.849,1.089,97.85,0.4605,0.614,0.6365,1.646,-0.35,0.5795,-0.1695,0.208,0.7445,-0.6405,NA,9.11810049961314,12.8844449633766,9.4246607844941,NA,NA,14807654.5,52249774,13,9,"8",NA,NA,NA,64.5147094726562,62.0459442138672,46.6233234405518,1,NA,NA,5,1,0.693147180559945,"0",6.41673228251233,18.0210599669226,"REGCHANGE",0.115384615384615,"1",1,1
"New Democracy Movement","Thailand",429,800,"THA",2014,2019,"Thai Military Regime","0","0","1",1,"0",1,0,1,0,0,1924,4605,575,1,1.57683333333333,1.789,96.0451666666667,-1.30383333333333,0.760833333333333,0.230833333333333,1.17316666666667,1.325,0.384,-1.13683333333333,-1.8255,0.530166666666667,-1.6555,-3,8.70065132505512,18.0739470407736,1.59792772183326,55.6003414093043,65.6866873517301,NA,NA,NA,NA,"7",121.287028761035,41.5681517414252,38.4473612953038,65.9876085917155,68.6851539611816,71.6677029927572,5,NA,6.79550278748502,0,5,1.79175946922805,"0",7.56216163122565,NA,"REGCHANGE",0.12486427795874,"1",0,0
"Northern Mali conflict","Mali",328,432,"MLI",2012,2015,"Mailian government","0","1","0",0,"1",0,0,0,1,0,618,1103,152,1,0.615,0.52925,73.49425,1.343,0.773,0.8675,1.3815,1.1985,0.804,0.45725,1.93375,-1.35,0.724,5,6.54638512090003,16.6659777389256,2.15733807899653,37.2051317159137,24.8490189335669,729370592,821836192,24.5,15,"4",62.0541506494807,NA,NA,38.9681901931763,38.3482780456543,48.2678756713867,4,NA,6.35376825114527,6,3,1.38629436111989,"1",6.42648845745769,21.1622990359162,"SECESSION",0.13780598368087,"0",1,0
"October Revolution","Lebanon",573,660,"LBN",2019,2019,"Hariri govt","1","0","0",0,"0",1,0,1,0,0,769,1359,117,1,-0.558,-0.343,75.9,0.832,0.47,0.694,0.466,-0.215,0.684,0.726,0.484,0.144,1.647,6,8.99541486857395,15.5702441170292,3.95463228905626,42.0001078758814,20.559205356527,NA,NA,NA,NA,"3",62.5593132324084,NA,NA,69.191520690918,67.2417373657227,67.9147567749023,NA,NA,5.9060248635114,6,0,0,"2",6.64509096950564,NA,"REGCHANGE",0.0860927152317881,"1",1,0
"Out Correa Campaign","Ecuador",531,130,"ECU",2015,2017,"Correa government","0","1","0",0,"0",1,0,1,0,0,306,595,52,1,1.554,1.97,96.455,-0.601,0.898,0.672333333333333,1.69,2.328,0.817666666666667,-0.974,-0.046,0.738,1.603,5,8.7055538795684,16.6154799636844,0.900130754511464,21.5303694465839,20.5319435119105,NA,NA,NA,NA,"2",42.0623129584944,NA,NA,36.9469045003255,63.4972267150879,59.2082405090332,3.66666666666667,NA,6.8042542310828,2,2,1.09861228866811,"1",5.72358510195238,NA,"REGCHANGE",0.0873949579831933,"1",1,0
"Panama Papers Anti-Government Protest","Iceland",541,395,"ISL",2016,2016,"Icelandic Government, PM Gunnlaugsson","0","1","0",0,"0",1,0,1,0,0,203,479,78,1,1.531,2.091,99.923,2.905,0.94,0.943,2.35,2.546,0.952,2.008,2.082,3.35,2.333,10,10.9243840767647,12.7231954006811,-5.12806396736361,40.8489873405107,47.4840362948306,NA,NA,NA,NA,"5",88.3330236353413,NA,103.362423152956,70.8903503417969,85.2456130981445,71.9287261962891,2,NA,7.16615574650665,0,0,0,"1",5.31320597904179,NA,"REGCHANGE",0.162839248434238,"1",0,0
"Pro-Morsi Protests","Egypt",295,651,"EGY",2013,2014,"President Morsi","0","0","1",0,"0",1,0,1,0,0,1635,2705,257,1,1.393,0.855,86.7725,-1.1565,0.4715,0.182,0.653,-0.374,0.1955,-1.1515,-1.799,-1.4505,-2.715,-4,8.09939410607658,18.3639527821605,1.48134231511624,23.0156243848817,15.630988539998,6917741568,1746383360,27,15,"3",38.6466129248796,-7.14159223106557,NA,43.9246978759766,62.561731338501,65.7597274780273,4,NA,5.73709481765796,5,1,0.693147180559945,"0",7.39939808333135,22.8824567658625,"REGCHANGE",0.0950092421441775,"1",1,1
"Pro-Ouattara Campaign","Ivory Coast",293,437,"CIV",2010,2011,"Gbagbo Regime","1","0","0",0,"0",1,0,1,0,0,151,241,30,1,0.9855,0.998,75.5835,1.564,0.731,0.7735,0.7205,1.486,0.7095,1.603,0.244,-1.176,0.3835,0,7.3653881190997,16.8761630610459,0.924508351337358,31.7039461002235,34.3904754719078,635929152,563539072,24,13,"4",66.0944215721314,-7.65808027211241,NA,42.5110492706299,36.5403251647949,49.172981262207,4,NA,5.91696829335291,6,1,0.693147180559945,"2",5.01727983681492,20.9051441496889,"REGCHANGE",0.12448132780083,"1",1,0
"Protest for Constitutional Reform","Jordan",320,663,"JOR",2011,2013,"Government (Prime Minister Samir Rifai)","0","1","0",0,"0",1,0,1,0,0,254,697,74,1,0.979666666666667,1.25433333333333,97.7496666666667,0.246333333333333,0.741666666666667,0.542,1.49533333333333,0.807333333333333,0.648333333333333,0.049,-0.868666666666667,1.11166666666667,0.255666666666667,-3,8.48510027720795,15.808697572535,5.19264576522495,71.6448761714397,44.3573888582813,2214882474.66667,478093877.333333,24.6666666666667,9.66666666666667,"3",116.002265029721,96.392687649767,66.4987327044946,72.0148773193359,67.3330535888672,73.1436487833659,3,NA,8.23418664800247,5,2,1.09861228866811,"1",5.53733426701854,21.7139128698238,"REGCHANGE",0.106169296987088,"1",1,1
"Protests Against the Crisis Talks","Tunisia",312,616,"TUN",2013,2013,"Council negotiating end to political crisis","1","0","0",0,"0",1,0,1,0,0,79,207,20,1,1.544,1.948,93.154,2.226,0.88,0.879,2.207,1.57,0.768,1.071,1.533,0.785,1.85,6,8.26671257263108,16.2403384161101,2.17446901947763,54.06519598671,44.8896426169321,988729920,549661568,27,12,"3",98.9548386036421,29.9222996096397,NA,55.9381828308105,64.0320205688477,67.4036407470703,7,NA,6.57711580316094,6,0,0,"2",4.36944785246702,21.1540032198522,"REGCHANGE",0.0966183574879227,"1",1,0
"Rebels in East Ukraine (Ukrainian Civil War)","Ukraine",315,369,"UKR",2014,2019,"Ukraine government","0","0","1",1,"1",0,0,0,1,0,2613,3351,347,1,0.4765,0.546166666666667,81.3333333333333,1.44083333333333,0.829333333333333,0.684833333333333,1.298,1.8995,0.664,0.223333333333333,0.334666666666667,1.29416666666667,1.20033333333333,4,7.7308750419589,17.6194683563151,2.61485764106972,53.7807553195498,47.5135173419909,NA,NA,NA,NA,"1",101.294272661541,27.2085082165267,62.9502615069003,63.815668741862,70.3354695638021,74.0618565877279,35,NA,6.41192313466088,0,5,1.79175946922805,"0",7.86825426552061,NA,"SECESSION",0.103551178752611,"0",0,0
"Renewed Kurdistan Worker's Party (PKK)","Turkey",539,640,"TUR",2015,2019,"Turkish government","0","0","1",1,"1",0,0,0,1,0,517,1121,99,1,1.453,1.8334,93.1028,-1.555,0.672,0.2994,0.9562,0.7914,0.384,-1.2106,-1.0512,0.2842,-1.6764,-4,9.34912125568627,18.2199012083451,1.59764654264444,28.617541709348,27.4668576948227,NA,NA,NA,NA,"3",56.0843994041707,75.2078800411834,30.5068573920513,55.2248832702637,65.4638168334961,71.0021789550781,17,NA,7.10511254990141,0,4,1.6094379124341,"0",6.24804287450843,NA,"SECESSION",0.088314005352364,"0",0,0
"Renewed Western Sahara Independence Protests","Western Sahara",340,600,"MAR",2010,2019,"Moroccan Government","0","0","1",1,"0",1,1,0,0,0,900,1477,219,1,1.066,1.437,93.0874,-0.0958,0.5523,0.5822,1.3656,-0.496,0.6165,1.0649,-0.5302,-0.7577,0.441,-4,7.97801261682335,17.3544987202483,2.40708878096212,43.551953909667,32.603163579885,1674964912,2409255232,23,11.25,"3",76.155117489552,90.2310620111068,53.2951097795628,57.3221752166748,60.7597221374512,68.0415870666504,4.33333333333333,NA,6.5897233615299,6,9,2.30258509299405,"0",6.80239476332431,22.1303966400566,"FSELFDET",0.148273527420447,"1",1,0
"Romania anti-government protest","Romania",552,360,"ROU",2017,2019,"Government of Romania","0","0","1",1,"0",1,0,1,0,1,1439,2844,260,1,1.933,2.08,98.7616666666667,1.13133333333333,0.879,0.827,1.631,2.076,0.891666666666667,2.125,0.824333333333333,0.659,1.94466666666667,9,9.27915370612651,16.7848018802241,2.92835198040114,44.6845423662695,41.3587536332202,NA,NA,NA,NA,"1",86.0432959994897,NA,43.3648250534782,71.2720006306966,76.6281534830729,79.3968200683594,24,NA,8.80586505906249,0,2,1.09861228866811,"0",7.27170370688737,NA,"REGCHANGE",0.0914205344585091,"1",0,0
"Second Revolution","Kyrgyzstan",269,703,"KGZ",2010,2010,"Kyrgyz president Kurmanbek Bakiyev","1","0","0",0,"0",1,0,1,0,0,127,218,21,1,0.98,0.997,90,0.81,0.633,0.716,0.923,0.518,0.626,-0.523,0.202,0.773,-0.58,4,6.8733198572138,15.5107407712833,9.860930706632,81.6785278167149,51.5543226756177,214706224,429607904,23,14,"1",133.232850492333,53.8807015810743,NA,64.4019165039062,56.6911735534668,59.3140563964844,19,NA,6.75021616607895,0,0,0,"2",4.84418708645859,20.2836969430939,"REGCHANGE",0.0963302752293578,"1",0,0
"Sinai Insurgency","Egypt",319,651,"EGY",2013,2019,"Sisi Government","0","0","1",1,"1",0,0,1,0,0,630,965,103,1,1.64428571428571,1.34857142857143,89.1688571428571,-1.16785714285714,0.506285714285714,0.148428571428571,0.760142857142857,-0.231,0.183428571428571,-1.11728571428571,-1.95028571428571,-1.77585714285714,-2.67628571428571,-4,8.15317073056531,18.41728479137,2.41139349991717,24.5727034017487,15.2889023513699,6917741568,1746383360,27,15,"3",39.8616057531185,-7.14159223106557,NA,44.7322867257254,62.9097415379116,66.1944160461426,4.5,NA,5.81674722282786,5,6,1.94591014905531,"0",6.44571981938558,22.8824567658625,"REGCHANGE",0.106735751295337,"0",1,1
"Smile Revolution","Algeria",564,615,"DZA",2019,2019,"Abdelaziz Bouteflika's Government","1","0","0",0,"0",1,0,1,0,0,220,459,47,1,0.862,1.603,97,-0.651,0.785,0.452,1.601,1.108,0.587,-1.189,-1.068,1.417,0.752,2,8.33158740325931,17.5698351845832,0.804110686575591,29.0941082162686,22.7134619101122,NA,NA,NA,NA,"3",51.8075701263808,NA,NA,35.9364471435547,50.5053405761719,55.4355125427246,NA,NA,2.55221891889702,6,0,0,"2",5.39362754635236,NA,"REGCHANGE",0.10239651416122,"1",1,0
"Snow Revolution","Russia",335,365,"RUS",2010,2019,"Putin","0","0","1",1,"0",1,0,1,0,0,1155,2176,314,1,1.973,2.077,98.6527,-0.2632,0.7924,0.3943,1.2885,1.5104,0.4927,0.0188,-1.1326,1.0952,-0.7446,4,9.15161146314623,18.7840444874119,1.91870343796058,20.618431610108,27.7010117363915,28220,374912224,1,2,"1",48.3194433464995,-82.2438866402471,12.4110820001034,51.8256771087647,69.8073753356934,71.2262680053711,54.6666666666667,13.41,6.56711453389308,0,9,2.30258509299405,"0",7.05185562295589,19.7422777579892,"REGCHANGE",0.144301470588235,"1",0,0
"Syrian Civil War","Syria",282,652,"SYR",2011,2019,"Assad regime","0","0","1",1,"1",0,0,1,0,0,6985,11529,1569,1,-1.41611111111111,-1.45122222222222,58.3067777777778,-2.33511111111111,0.142555555555556,0.0437777777777778,-1.14977777777778,-1.43577777777778,0.0741111111111111,-2.72811111111111,-3.021,-1.20222222222222,-2.949,-9,6.85188875672357,16.8304400468314,1.19065657354592,36.8695902484272,13.9017462790938,834457408,305501865.333333,25.6666666666667,7.66666666666667,"3",50.771336527521,16.2164601400266,NA,33.3015359242757,49.0808936225043,46.5205086602105,3.25,NA,4.10265955581873,6,8,2.19722457733622,"0",8.85152027169106,20.8542583744457,"REGCHANGE",0.136091595107989,"0",1,0
"Syrian Uprising","Syria",282,652,"SYR",2011,2011,"Assad regime","0","0","1",0,"0",1,0,1,0,0,698,1558,201,1,0.548,0.329,83.136,-2.04,0.256,0.058,-0.49,-0.862,0.109,-2.914,-3.021,-0.308,-2.949,-7,7.34785751957129,16.939228443439,1.19065657354592,31.3267665215573,19.369327824098,235794624,49455772,22,6,"3",50.6960943456553,-26.1520902042094,NA,35.3040962219238,49.8736991882324,47.2538948059082,5,NA,5.06738615827321,6,0,0,"0",6.54821910276237,19.4688779384671,"REGCHANGE",0.129011553273427,"1",1,0
"UDAR","Bosnia-Herzegovina",521,346,"BIH",2014,2014,"incumbent government","0","0","1",0,"0",1,0,1,0,0,29,35,3,1,-0.141,0.564,95.923,1.86,0.86,0.816,1.906,1.62,0.857,1.889,0.578,0.895,1.804,NA,8.39018991572557,15.0883752686804,2.93596436118962,56.5631605791701,33.9891201082484,NA,NA,NA,NA,"1",90.5522806874185,22.7300892330376,NA,64.1378707885742,68.3228912353516,68.1201019287109,3,NA,7.69842677445487,0,0,0,"0",3.36729582998647,NA,"REGCHANGE",0.0857142857142857,"1",0,0
"Ultras ""United Ukraine"" Campaign","Ukraine",527,369,"UKR",2014,2014,"Russian occupation/pro-Russian rebels","0","0","1",0,"0",1,1,0,0,0,57,118,17,1,0.331,0.471,78.125,0.547,0.797,0.642,0.996,1.867,0.609,0.641,0.429,1.601,-0.041,4,7.76056807293479,17.6282027215484,0.634440716736561,52.0988206677736,48.5929618158503,NA,NA,NA,NA,"1",100.691782483624,27.2085082165267,63.6653191884884,61.7301292419434,70.9716949462891,73.0144577026367,35,NA,5.7759858199806,0,0,0,"0",4.04305126783455,NA,"FSELFDET",0.144067796610169,"1",0,0
"Western Southeast Asia Front","Myanmar",536,775,"MMR",2015,2019,"Indian Rule, Myanmarese rule","0","0","1",1,"1",0,0,0,1,0,101,450,97,1,1.192,1.633,80.1322,0.406,0.3472,0.6266,-0.328,-0.3028,0.4758,0.4778,0.7276,-0.6522,0.5316,8,7.2502828316542,17.7720129829721,4.97855303125675,30.9780735720413,25.6262564488496,NA,NA,NA,NA,"7",56.6043300208909,NA,NA,39.4660842895508,39.6885139465332,43.8514846801758,1,NA,5.07384915749224,5,4,1.6094379124341,"0",4.61512051684126,NA,"SECESSION",0.215555555555556,"0",1,1
"Yellow Vests","France",559,220,"FRA",2018,2019,"Macron government","0","0","1",1,"0",1,0,1,0,0,1290,1904,139,1,1.772,1.884,95,1.405,0.914,0.952,2.031,2.32,0.944,1.223,2.435,1.946,2.216,10,10.5596040057989,18.024272119315,2.36853607271485,32.6368515812467,31.6528613123112,NA,NA,NA,NA,"5",64.2897128935579,NA,103.304282968751,79.076358795166,86.650146484375,87.8432540893555,30,NA,8.53000903762074,0,1,0.693147180559945,"0",7.16239749735572,NA,"REGCHANGE",0.0730042016806723,"1",0,0
"anti-Balaka","Central African Republic",361,482,"CAF",2013,2014,"Central African Republic govt","1","0","0",0,"1",0,0,1,0,0,411,517,39,1,-0.411,-1.4915,59.5,-1.472,0.336,0.547,-0.483,-0.204,0.3585,1.032,0.396,-0.614,-0.308,0,5.82432627120323,15.3842475102198,0.14646419505892,29.9228186049648,15.8243711900922,95979744,144971296,22,13,"4",45.747189795057,NA,NA,30.9340009689331,30.2558917999268,36.7393321990967,5,NA,4.62535913993323,6,1,0.693147180559945,"2",6.01859321449623,19.3001043214397,"REGCHANGE",0.0754352030947776,"0",1,0
"anti-Kabila campaign","Democratic Republic of Congo",547,490,"COD",2017,2018,"Kabila regime","1","0","0",0,"0",1,0,1,0,0,364,517,48,1,0.87,0.25,76.409,-0.989,0.507,0.528,-0.008,0.5405,0.411,-1.603,-0.443,-0.6465,-0.199,-3,6.18128936834582,18.2661920036558,2.85774291483557,38.2035291620824,33.9020252217553,NA,NA,NA,NA,"4",72.1055543838376,NA,NA,35.9989471435547,31.9796409606934,45.5553512573242,7,NA,5.37015376738306,8,1,0.693147180559945,"2",5.89715386763674,NA,"REGCHANGE",0.0928433268858801,"1",1,0
"anti-Maduro","Venezuela",528,101,"VEN",2014,2019,"Maduro government","0","0","1",1,"0",1,0,1,0,0,4616,7925,616,1,0.716,0.359,86.8796666666667,-0.632166666666667,0.725666666666667,0.345833333333333,1.021,1.182,0.4525,-0.627,-2.00333333333333,-1.0885,-1.21216666666667,4,NA,17.2212819462241,0.23530176692753,31.3969861752704,16.6938273502942,NA,NA,NA,NA,"2",48.0908135255646,NA,NA,30.2971235911051,55.496919631958,52.2187658945719,2.4,NA,3.74411969537855,2,5,1.79175946922805,"0",8.43728380818794,NA,"REGCHANGE",0.0777287066246057,"1",1,0
"anti-Mahdi movement","Iraq",572,645,"IRQ",2019,2019,"Mahdi govt","1","0","0",0,"0",1,0,1,0,0,623,1082,70,1,-0.42,-0.167,78.375,0.974,0.482,0.531,1.008,-0.658,0.428,-0.152,0.218,-0.326,-0.897,6,8.48763803566412,17.5427334174326,-1.31640616709339,30.9380702213968,38.0518681988838,NA,NA,NA,NA,"3",68.9899384202806,NA,NA,43.1846237182617,40.1992225646973,46.0015640258789,NA,NA,3.77579658991879,5,0,0,"2",6.43454651878745,NA,"REGCHANGE",0.0646950092421442,"1",1,1
"anti-Morales protests","Bolivia",565,145,"BOL",2019,2019,"Morales govt","1","0","0",0,"0",1,0,1,0,0,651,1050,78,1,0.849,1.01,89.877,0.203,0.651,0.673,0.73,0.843,0.703,0.694,-0.172,-0.842,0.722,7,8.08423833171655,16.2816857815153,-0.529735011404666,31.4300444470217,24.967262285945,NA,NA,NA,NA,"2",56.3973067329667,NA,NA,43.3778495788574,58.9422302246094,58.0311393737793,NA,NA,7.01456194268676,2,0,0,"2",6.47850964220857,NA,"REGCHANGE",0.0742857142857143,"1",1,0
"anti-Pinera","Chile",567,155,"CHL",2019,2019,"Pinera government","0","0","1",1,"0",1,0,1,0,0,743,1297,92,1,1.675,1.92,94.75,1.4,0.949,0.919,2.561,2.551,0.886,1.609,1.746,0.074,0.789,10,9.5298930081539,16.7620255386424,4.51805365073962,29.6938422593197,27.8341315902738,NA,NA,NA,NA,"2",57.5279738495935,NA,NA,67.3327178955078,73.887809753418,75.7038040161133,NA,NA,8.15673759520001,2,0,0,"0",6.61069604471776,NA,"REGCHANGE",0.0709329221279877,"1",1,0
"anti-Rajoelina movement","Madagascar",508,580,"MDG",2009,2014,"Rajoelina government","0","1","0",0,"0",1,0,1,0,0,203,278,15,1,0.7865,1.06966666666667,75.4671666666667,1.00983333333333,0.637666666666667,0.720666666666667,0.6975,0.7835,0.624,1.526,-0.0685,-2.27983333333333,-0.9965,3,6.12065372702458,16.9361602972373,7.3693280236379,34.9089656001102,23.0507698644422,309190185.6,276590129.6,20.4,10.8,"4",57.9597354645525,NA,NA,47.7867272694906,33.8542512257894,46.5289414723714,1,NA,6.30894754799947,6,5,1.79175946922805,"1",5.31320597904179,20.1884553902229,"REGCHANGE",0.0539568345323741,"1",1,0
"anti-Ravalomanana movement","Madagascar",272,580,"MDG",2009,2009,"Ravalomanana government","1","0","0",0,"0",1,0,1,0,0,52,76,5,1,0.906,1.014,78.375,0.747,0.602,0.686,0.526,0.704,0.579,1.526,-0.276,-2.159,-1.592,0,6.14657686996373,16.8655933179283,13.4485425615454,42.0358677611163,20.3758298360304,675083712,242804928,23,13,"4",62.4116975971466,NA,NA,42.9905967712402,33.3485946655273,44.8226585388184,1,NA,6.19500680977869,6,0,0,"2",3.95124371858143,20.6375866351264,"REGCHANGE",0.0657894736842105,"1",1,0
"anti-Sisi protests","Egypt",568,651,"EGY",2019,2019,"Sisi government","0","0","1",0,"0",1,0,1,0,0,344,579,75,1,1.957,1.546,93.091,-1.148,0.585,0.133,1.323,-0.227,0.196,-1.08,-1.832,-1.473,-2.148,-4,8.23446615881951,18.4753457223197,2.97283696285301,25.7398395370249,17.5006106612052,NA,NA,NA,NA,"3",43.24045019823,NA,NA,49.2074317932129,64.2549514770508,68.1485290527344,NA,NA,6.24251961558774,5,0,0,"0",5.8406416573734,NA,"REGCHANGE",0.129533678756477,"1",1,1
"anti-Áñez protests","Bolivia",566,145,"BOL",2019,2019,"Áñez govt","0","0","1",1,"0",1,0,1,0,0,237,394,23,1,0.849,1.01,89.877,0.203,0.651,0.673,0.73,0.843,0.703,0.694,-0.172,-0.842,0.722,7,8.08423833171655,16.2816857815153,-0.529735011404666,31.4300444470217,24.967262285945,NA,NA,NA,NA,"2",56.3973067329667,NA,NA,43.3778495788574,58.9422302246094,58.0311393737793,NA,NA,7.01456194268676,2,0,0,"0",5.46806014113513,NA,"REGCHANGE",0.0583756345177665,"1",1,0
