"ID","Campaign","Year","CAMPAIGN","LOCATION","BYEAR","EYEAR","TARGET","SUCCESS","LIMITED","FAILURE","ONGOING","VIOL","NONVIOL","FSELFDET","REGCHANGE","SECESSION","OTHER","match_key","protest_clean","Num_Image","Num_Banner","Eng_Banner","eng_prop_year","Protest","match_dist","cow","iso3","colonized_english","colonized","navco21_id","match_quality","camp_name","location","progress","repression","camp_size","prim_meth","camp_beyear","end_year","status","camp_goals","goalschange","territory","country_name","cow.vdem","v2svdomaut","v2svstterr","v2csreprss","v2x_civlib","v2xcl_dmove","v2x_clpol","p_polity2","wdi_gdpcapcon2015","wdi_pop","wdi_fdiin","wdi_import","wdi_export","fi_ftradeint_pd","aid_crsc","aid_crsio","aid_crnio","ht_colonial","panel_campaign_key","panel_campaign_id","any_progress","concession","full_success","failure_yr","progress_ord","nonviolent","repression_yr","lnpop_yr","lngdp_yr","lnaid_yr","duration","time_in_campaign","goals","viol"
255,"2011 Bahrain Anti-King Hamad Campaign protest banner",2011,"Anti-King Hamad Campaign","Bahrain",2011,2019,"Monarchy of King Hamad",0,0,1,1,0,1,0,1,0,0,"Bahrain Anti-King Hamad Campaign","Bahrain Anti-King Hamad Campaign",101,234,13,0.0555555555555556,"2011 Bahrain Anti-King Hamad Campaign protest",0,692,"BHR","1",1,255,"exact","Anti-King Hamad Campaign","Bahrain",1,3,3,1,0,2013,1,0,0,"","Bahrain",692,-0.691,97.333,-1.454,0.185,0.312,0.163,-8,21906.7464253804,1212077,2.71349353049908,74.7365988909427,99.4186691312384,8.0471298640182,343668,1428572,1,5,"NAVCO2.1 ID 255",255,1,0,0,0,"1",1,3,14.0078459749465,9.99454992431854,14.3877554054141,9,1,"0","0"
255,"2012 Bahrain Anti-King Hamad Campaign protest banner",2012,"Anti-King Hamad Campaign","Bahrain",2011,2019,"Monarchy of King Hamad",0,0,1,1,0,1,0,1,0,0,"Bahrain Anti-King Hamad Campaign","Bahrain Anti-King Hamad Campaign",47,137,11,0.0802919708029197,"2012 Bahrain Anti-King Hamad Campaign protest",0,692,"BHR","1",1,255,"exact","Anti-King Hamad Campaign","Bahrain",0,3,3,1,0,2013,1,0,0,"","Bahrain",692,-0.691,97.333,-1.559,0.191,0.312,0.141,-10,22484.8548156338,1224939,5.02346532615333,83.7391257717264,102.14552480855,7.89674407413202,NA,NA,NA,5,"NAVCO2.1 ID 255",255,0,0,0,0,"0",1,3,14.0184016048027,10.0205972422408,NA,9,2,"0","0"
255,"2013 Bahrain Anti-King Hamad Campaign protest banner",2013,"Anti-King Hamad Campaign","Bahrain",2011,2019,"Monarchy of King Hamad",0,0,1,1,0,1,0,1,0,0,"Bahrain Anti-King Hamad Campaign","Bahrain Anti-King Hamad Campaign",35,134,14,0.104477611940299,"2013 Bahrain Anti-King Hamad Campaign protest",0,692,"BHR","1",1,255,"exact","Anti-King Hamad Campaign","Bahrain",2,3,1,1,0,2013,1,0,0,"","Bahrain",692,-0.691,97.333,-1.694,0.194,0.312,0.133,-10,23012.7083415266,1261673,11.4559732697771,87.0677507838272,104.804803332124,7.87381487553334,NA,NA,NA,5,"NAVCO2.1 ID 255",255,1,1,0,0,"2",1,3,14.047949175988,10.0438018789073,NA,9,3,"0","0"
260,"2011 Djibouti Djibouti Arab Spring protest banner",2011,"Djibouti Arab Spring","Djibouti",2011,2011,"Gov't of Djibouti (President Guelleh)",0,0,1,0,0,1,0,1,0,0,"Djibouti Djibouti Arab Spring","Djibouti Djibouti Arab Spring",101,248,26,0.104838709677419,"2011 Djibouti Djibouti Arab Spring protest",0,522,"DJI","0",1,260,"exact","Djibouti Arab Spring","Djibouti",5,2,2,1,1,2011,0,0,0,"","Djibouti",522,1.452,92.583,0.285,0.429,0.63,0.377,2,NA,936811,6.37538483893526,NA,NA,NA,93828304,38457152,9,6,"NAVCO2.1 ID 260",260,0,0,0,1,"5",1,2,13.7502368332975,NA,18.7004726986288,1,1,"0","0"
262,"2013 Egypt Anti-Morsi Protests banner",2013,"Anti-Morsi Protests","Egypt",2013,2013,"President Morsi",1,0,0,0,0,1,0,1,0,0,"Egypt Anti-Morsi Protests","Egypt Anti-Morsi Protests",615,1125,132,0.117333333333333,"2013 Egypt Anti-Morsi Protests",0,651,"EGY","1",1,262,"exact","Anti-Morsi Protests","Egypt",4,3,5,1,1,2013,0,0,0,"","Egypt",651,1.158,84.727,-1.182,0.217,0.429,0.226,-4,3283.74071993724,93377890,1.45343420769727,23.3551924317351,17.0178456245969,5.98558994941592,6917741568,1746383360,15,5,"NAVCO2.1 ID 262",262,1,1,1,0,"4",1,3,18.3521651514068,8.09673851493934,22.8824567658625,1,1,"0","0"
266,"2009 Honduras Frente Nacionalæde Resistencia Popular (FNRP) protest banner",2009,"Frente Nacionalæde Resistencia Popular (FNRP)","Honduras",2009,2009,"Coup government, led by Roberto Micheletti",0,0,1,0,0,1,0,1,0,0,"Honduras Frente Nacionalæde Resistencia Popular (FNRP)","Honduras Frente Nacionalæde Resistencia Popular (FNRP)",21,56,10,0.178571428571429,"2009 Honduras Frente Nacionalæde Resistencia Popular (FNRP) protest",0,91,"HND","0",1,266,"exact","Frente Nacionalæde Resistencia Popular (FNRP)","Honduras",0,3,2,1,0,2011,0,0,0,"","Honduras",91,0.266,86.111,0.491,0.653,0.695,0.678,7,2054.38177155339,8277302,3.38987200238322,57.3747551991386,39.5302508197518,7.45759917450966,223163616,149067456,9,2,"NAVCO2.1 ID 266",266,0,0,0,0,"0",1,3,15.9290276278517,7.62773024057533,19.7350253833734,1,1,"0","0"
269,"2010 Kyrgyzstan Second Revolution protest banner",2010,"Second Revolution","Kyrgyzstan",2010,2010,"Kyrgyz president Kurmanbek Bakiyev",1,0,0,0,0,1,0,1,0,0,"Kyrgyzstan Second Revolution","Kyrgyzstan Second Revolution",127,218,21,0.0963302752293578,"2010 Kyrgyzstan Second Revolution protest",0,703,"KGZ","0",0,269,"close","Kyrgyz Second Revolution","Kyrgyzstan",4,3,1,1,1,2010,0,0,0,"","Kyrgyzstan",703,0.98,90,0.81,0.626,0.633,0.716,4,966.150729977601,5447900,9.860930706632,81.6785278167149,51.5543226756177,6.75021616607895,214706224,429607904,14,0,"NAVCO2.1 ID 269",269,1,1,1,0,"4",1,3,15.5107407712833,6.8733198572138,20.2836969430939,1,1,"0","0"
270,"2011 Libya Libyan Civil War protest banner",2011,"Libyan Civil War","Libya",2011,2011,"Qaddafi regime",1,0,0,0,1,0,0,1,0,0,"Libya Libyan Civil War","Libya Libyan Civil War",687,1281,161,0.12568306010929,"2011 Libya Libyan Civil War protest",0,620,"LBY","0",1,270,"exact","Libyan Civil War","Libya",4,3,-99,0,1,2011,0,0,0,"","Libya",620,-0.011,65.981,0.593,0.314,0.332,0.507,0,6734.27376811136,6188132,0,24.8595388907261,38.1458963988027,NA,330040640,48820356,5,3,"NAVCO2.1 ID 270",270,1,1,1,0,"4",0,3,15.6381438220571,8.81496525349984,19.7526799332399,1,1,"0","1"
272,"2009 Madagascar anti-Ravalomanana movement protest banner",2009,"anti-Ravalomanana movement","Madagascar",2009,2009,"Ravalomanana government",1,0,0,0,0,1,0,1,0,0,"Madagascar anti-Ravalomanana movement","Madagascar anti-Ravalomanana movement",52,76,5,0.0657894736842105,"2009 Madagascar anti-Ravalomanana movement protest",0,580,"MDG","0",1,272,"exact","Anti-Ravalomanana Movement","Madagascar",4,3,2,1,1,2009,0,0,0,"","Madagascar",580,0.906,78.375,0.747,0.579,0.602,0.686,0,467.115649259186,21117092,13.4485425615454,42.0358677611163,20.3758298360304,6.19500680977869,675083712,242804928,13,6,"NAVCO2.1 ID 272",272,1,1,1,0,"4",1,3,16.8655933179283,6.14657686996373,20.6375866351264,1,1,"0","0"
274,"2010 Nepal Maoist Anti-Govt Protests banner",2010,"Maoist Anti-Govt Protests","Nepal",2010,2010,"Madhav Kumar Nepal Govt",1,0,0,0,0,1,0,1,0,0,"Nepal Maoist Anti-Govt Protests","Nepal Maoist Anti-Govt Protests",72,121,11,0.0909090909090909,"2010 Nepal Maoist Anti-Govt Protests",0,790,"NPL","0",0,274,"close","Maoist Anti-Government Protests","Nepal",4,1,3,1,1,2010,0,0,0,"","Nepal",790,1.203,89.538,2.019,0.833,0.769,0.907,6,726.055102233968,27161567,0.548294665887946,36.4023696022884,9.58253617198229,6.22443129429205,524467136,913935744,13,0,"NAVCO2.1 ID 274",274,1,1,1,0,"4",1,1,17.1173135541304,6.58762591033855,21.0867992245995,1,1,"0","0"
282,"2011 Syria Syrian Civil War protest banner",2011,"Syrian Civil War + Syrian Uprising","Syria",2011,2019,"Assad regime",0,0,1,1,1,0,0,1,0,0,"Syria Syrian Civil War","Syria Syrian Civil War",538.5,1150,144,0.125217391304348,"2011 Syria Syrian Civil War protest",0,652,"SYR","0",1,282,"close","Syrian Civil Conflict","Syria",0,3,3,1,0,2013,1,0,0,"","Syria",652,0.548,83.136,-2.04,0.109,0.256,0.058,-7,1552.86597632774,22730733,1.19065657354592,31.3267665215573,19.369327824098,5.06738615827321,235794624,49455772,6,6,"NAVCO2.1 ID 282",282,0,0,0,0,"0",1,3,16.939228443439,7.34785751957129,19.4688779384671,9,1,"0","1"
282,"2012 Syria Syrian Civil War protest banner",2012,"Syrian Civil War","Syria",2011,2019,"Assad regime",0,0,1,1,1,0,0,1,0,0,"Syria Syrian Civil War","Syria Syrian Civil War",744,1182,145,0.122673434856176,"2012 Syria Syrian Civil War protest",0,652,"SYR","0",1,282,"close","Syrian Civil Conflict","Syria",0,3,-99,0,0,2013,1,0,0,"","Syria",652,0.16,57.318,-2.417,0.092,0.211,0.055,-9,1150.18931355227,22605577,NA,27.6540725102336,7.71461782136059,3.27896960784726,540209920,263115296,7,6,"NAVCO2.1 ID 282",282,0,0,0,0,"0",0,3,16.9337072037113,7.04768182828907,20.5042701924103,9,2,"0","1"
282,"2013 Syria Syrian Civil War protest banner",2013,"Syrian Civil War","Syria",2011,2019,"Assad regime",0,0,1,1,1,0,0,1,0,0,"Syria Syrian Civil War","Syria Syrian Civil War",761,1371,186,0.135667396061269,"2013 Syria Syrian Civil War protest",0,652,"SYR","0",1,282,"close","Syrian Civil Conflict","Syria",0,3,3,0,0,2013,1,0,0,"","Syria",652,-0.897,45.7,-2.935,0.064,0.111,0.038,-9,891.451785733885,21495821,NA,36.9272368111259,7.7780179722273,3.56715656840793,1727367680,603934528,10,6,"NAVCO2.1 ID 282",282,0,0,0,0,"0",0,3,16.8833691021122,6.79285135365773,21.5696928363871,9,3,"0","1"
290,"2013 Bulgaria Dance with me Campaign protest banner",2013,"Dance with me Campaign","Bulgaria",2013,2014,"Gov't of PM Oresharski",1,0,0,0,0,1,0,1,0,0,"Bulgaria Dance with me Campaign","Bulgaria Dance with me Campaign",26,64,10,0.15625,"2013 Bulgaria Dance with me Campaign protest",0,355,"BGR","0",0,290,"exact","Dance With Me Campaign","Bulgaria",3,2,2,1,1,2013,1,0,0,"","Bulgaria",355,1.888,99.909,1.319,0.861,0.849,0.814,9,6693.45015260161,7265115,3.56394027272256,65.1509633420078,64.5816957844561,8.10585361827885,NA,NA,NA,0,"NAVCO2.1 ID 290",290,1,1,0,0,"3",1,2,15.7985946841799,8.80888473806318,NA,2,1,"0","0"
293,"2010 Ivory Coast Pro-Ouattara Campaign protest banner",2010,"Pro-Ouattara Campaign","Ivory Coast",2010,2011,"Gbagbo Regime",1,0,0,0,0,1,0,1,0,0,"Ivory Coast Pro-Ouattara Campaign","Ivory Coast Pro-Ouattara Campaign",97,136,15,0.110294117647059,"2010 Ivory Coast Pro-Ouattara Campaign protest",0,437,"CIV","0",1,293,"exact","Pro-Ouattara Campaign","Cote d'Ivoire",2,3,2,1,0,2011,0,0,0,"","Ivory Coast",437,0.756,71.25,1.666,0.715,0.721,0.798,0,1640.31502884403,21120042,1.02606247081629,33.9733654904249,33.4995745908321,5.9151077641676,502677888,344175616,13,6,"NAVCO2.1 ID 293",293,1,1,0,0,"2",1,3,16.8657330054367,7.40264359312973,20.5570382801604,2,1,"0","0"
293,"2011 Ivory Coast Pro-Ouattara Campaign protest banner",2011,"Pro-Ouattara Campaign","Ivory Coast",2010,2011,"Gbagbo Regime",1,0,0,0,0,1,0,1,0,0,"Ivory Coast Pro-Ouattara Campaign","Ivory Coast Pro-Ouattara Campaign",54,105,15,0.142857142857143,"2011 Ivory Coast Pro-Ouattara Campaign protest",0,437,"CIV","0",1,293,"exact","Pro-Ouattara Campaign","Cote d'Ivoire",4,3,2,1,0,2011,0,0,0,"","Ivory Coast",437,1.215,79.917,1.462,0.704,0.741,0.749,4,1520.34229764192,21562914,0.822954231858426,29.4345267100222,35.2813763529836,5.91882882253822,769180416,782902528,13,6,"NAVCO2.1 ID 293",293,1,1,1,0,"4",1,3,16.8864854525715,7.3266907843046,21.1628637012227,2,2,"0","0"
294,"2012 Democratic Republic of Congo M23 protest banner",2012,"M23","Democratic Republic of Congo",2012,2013,"Congo government",0,0,1,0,1,0,0,1,0,0,"Democratic Republic of Congo M23","Democratic Republic of Congo M23",278,339,27,0.079646017699115,"2012 Democratic Republic of Congo M23 protest",0,490,"COD","0",1,294,"close","Kivu Rebels (M23, APCLS, PARC-FAAL)","Democratic Republic of Congo",1,3,1,0,0,2013,1,0,0,"","Democratic Republic of the Congo",490,0.973,77.25,-0.749,0.441,0.465,0.565,5,420.629347803912,70997870,9.86686869724735,37.548702379881,30.8030090180745,5.69436534834078,1661637120,1174795008,16,8,"NAVCO2.1 ID 294",294,1,0,0,0,"1",0,3,18.0781604345556,6.0417520368779,21.7658128067168,2,1,"0","1"
294,"2013 Democratic Republic of Congo M23 protest banner",2013,"M23","Democratic Republic of Congo",2012,2013,"Congo government",0,0,1,0,1,0,0,1,0,0,"Democratic Republic of Congo M23","Democratic Republic of Congo M23",256,288,16,0.0555555555555556,"2013 Democratic Republic of Congo M23 protest",0,490,"COD","0",1,294,"close","Kivu Rebels (M23, APCLS, PARC-FAAL)","Democratic Republic of Congo",1,3,1,0,0,2013,1,0,0,"","Democratic Republic of the Congo",490,0.973,73.182,-0.547,0.437,0.51,0.568,5,441.012959698415,73460021,5.19461157161643,41.0200838366321,36.4458613092305,5.69436534834078,1132195328,1033673408,15,8,"NAVCO2.1 ID 294",294,1,0,0,0,"1",0,3,18.1122518842256,6.08907426208629,21.4960873821191,2,2,"0","1"
295,"2013 Egypt Pro-Morsi Protests banner",2013,"Pro-Morsi Protests","Egypt",2013,2014,"President Morsi",0,0,1,0,0,1,0,1,0,0,"Egypt Pro-Morsi Protests","Egypt Pro-Morsi Protests",780,1371,123,0.0897155361050328,"2013 Egypt Pro-Morsi Protests",0,651,"EGY","1",1,295,"exact","Pro-Morsi Protests","Egypt",0,3,2,1,1,2013,1,0,0,"","Egypt",651,1.158,84.727,-1.182,0.217,0.429,0.226,-4,3283.74071993724,93377890,1.45343420769727,23.3551924317351,17.0178456245969,5.98558994941592,6917741568,1746383360,15,5,"NAVCO2.1 ID 295",295,0,0,0,0,"0",1,3,18.3521651514068,8.09673851493934,22.8824567658625,2,1,"0","0"
300,"2010 Kyrgyzstan Anti-Interim Government protest banner",2010,"Anti-Interim Government","Kyrgyzstan",2010,2010,"Interim government",0,0,1,0,0,1,0,1,0,0,"Kyrgyzstan Anti-Interim Government","Kyrgyzstan Anti-Interim Government",73,120,7,0.0583333333333333,"2010 Kyrgyzstan Anti-Interim Government protest",0,703,"KGZ","0",0,300,"close","Kyrgyz Anti-Interim Goverment","Kyrgyzstan",5,3,1,1,1,2010,0,0,0,"","Kyrgyzstan",703,0.98,90,0.81,0.626,0.633,0.716,4,966.150729977601,5447900,9.860930706632,81.6785278167149,51.5543226756177,6.75021616607895,214706224,429607904,14,0,"NAVCO2.1 ID 300",300,0,0,0,1,"5",1,3,15.5107407712833,6.8733198572138,20.2836969430939,1,1,"0","0"
303,"2012 Maldives Nasheed Supporters protest banner",2012,"Nasheed Supporters","Maldives",2012,2013,"President Mohammed Waheed Hassan Government",0,0,1,0,0,1,0,1,0,0,"Maldives Nasheed Supporters","Maldives Nasheed Supporters",533,804,86,0.106965174129353,"2012 Maldives Nasheed Supporters protest",0,781,"MDV","1",1,303,"exact","Nasheed Supporters","Maldives",0,3,1,1,0,2013,0,0,0,"","Maldives",781,1.849,98,0.854,0.621,0.608,0.693,NA,8951.02433115532,387539,7.89893947899641,NA,NA,NA,18361484,30527972,8,5,"NAVCO2.1 ID 303",303,0,0,0,0,"0",1,3,12.8675717678724,9.09952325512837,17.7050723279274,2,1,"0","0"
303,"2013 Maldives Nasheed Supporters protest banner",2013,"Nasheed Supporters","Maldives",2012,2013,"President Mohammed Waheed Hassan Government",0,0,1,0,0,1,0,1,0,0,"Maldives Nasheed Supporters","Maldives Nasheed Supporters",79,132,22,0.166666666666667,"2013 Maldives Nasheed Supporters protest",0,781,"MDV","1",1,303,"exact","Nasheed Supporters","Maldives",5,2,1,1,0,2013,0,0,0,"","Maldives",781,1.849,97.7,0.067,0.538,0.62,0.58,NA,9286.70340816714,400728,10.9503820899918,NA,NA,NA,11253825,73971576,10,5,"NAVCO2.1 ID 303",303,0,0,0,1,"5",1,2,12.9010381718969,9.13633891502905,18.2608100929029,2,2,"0","0"
308,"2013 Thailand Civil Movement for Democracy protest banner",2013,"Civil Movement for Democracy","Thailand",2013,2014,"Yingluck government",1,0,0,0,0,1,0,1,0,0,"Thailand Civil Movement for Democracy","Thailand Civil Movement for Democracy",135,303,37,0.122112211221122,"2013 Thailand Civil Movement for Democracy protest",0,800,"THA","0",0,308,"exact","Civil Movement for Democracy","Thailand",0,3,2,1,1,2013,1,0,0,"","Thailand",800,1.674,95.857,0.45,0.591,0.903,0.58,7,5537.74507089062,69578602,3.79126858058468,65.2911331011204,67.1711410731483,6.34220310772658,259915984,123282928,11,0,"NAVCO2.1 ID 308",308,0,0,0,0,"0",1,3,18.0579676355058,8.61934266996834,19.7640647674181,2,1,"0","0"
309,"2012 Togo Let's Save Togo (Anti-Gnassingbe) protest banner",2012,"Let's Save Togo (Anti-Gnassingbe)","Togo",2012,2013,"President Faure Gnassingbe Regime",0,0,1,0,0,1,0,1,0,0,"Togo Let's Save Togo (Anti-Gnassingbe)","Togo Let's Save Togo (Anti-Gnassingbe)",40,58,5,0.0862068965517241,"2012 Togo Let's Save Togo (Anti-Gnassingbe) protest",0,461,"TGO","0",1,309,"exact","Let's Save Togo (Anti-Gnassingbe)","Togo",0,3,3,1,0,2013,0,0,0,"","Togo",461,0.787,87.364,1.458,0.679,0.855,0.792,-2,507.863015197488,6926635,3.13715184442928,59.2054682024453,45.2053609986539,5.71060843763785,133670584,215082976,14,6,"NAVCO2.1 ID 309",309,0,0,0,0,"0",1,3,15.7508846832532,6.23021175609195,19.6698761018004,2,1,"0","0"
309,"2013 Togo Let's Save Togo (Anti-Gnassingbe) protest banner",2013,"Let's Save Togo (Anti-Gnassingbe)","Togo",2012,2013,"President Faure Gnassingbe Regime",0,0,1,0,0,1,0,1,0,0,"Togo Let's Save Togo (Anti-Gnassingbe)","Togo Let's Save Togo (Anti-Gnassingbe)",24,40,5,0.125,"2013 Togo Let's Save Togo (Anti-Gnassingbe) protest",0,461,"TGO","0",1,309,"exact","Let's Save Togo (Anti-Gnassingbe)","Togo",5,3,-99,1,0,2013,0,0,0,"","Togo",461,0.787,83.636,1.329,0.675,0.877,0.786,-2,525.285721116094,7106229,4.24835441688157,66.2849783364817,46.4760239573026,5.70445469200471,95417792,202786144,15,6,"NAVCO2.1 ID 309",309,0,0,0,1,"5",1,3,15.7764822813315,6.26394234524913,19.5132881627564,2,2,"0","0"
311,"2010 Tunisia Anti-Ben Ali Campaign (Jasmin Revolution) protest banner",2010,"Anti-Ben Ali Campaign (Jasmin Revolution)","Tunisia",2010,2011,"Government (Ben Ali Regime)",1,0,0,0,0,1,0,1,0,0,"Tunisia Anti-Ben Ali Campaign (Jasmin Revolution)","Tunisia Anti-Ben Ali Campaign (Jasmin Revolution)",184,443,43,0.0970654627539503,"2010 Tunisia Anti-Ben Ali Campaign (Jasmin Revolution) protest",0,616,"TUN","0",1,311,"exact","Anti-Ben Ali Campaign (Jasmine Revolution)","Tunisia",0,3,1,1,0,2011,0,0,0,"","Tunisia",616,1.455,91.571,-1.462,0.309,0.63,0.221,-4,3860.67994491045,10895063,2.88814231758981,52.1912811425565,47.9597286942428,5.99504948505781,621010368,1026952832,11,6,"NAVCO2.1 ID 311",311,0,0,0,0,"0",1,3,16.2038203088132,8.25859859847722,21.2228059386941,2,1,"0","0"
311,"2011 Tunisia Anti-Ben Ali Campaign (Jasmin Revolution) protest banner",2011,"Anti-Ben Ali Campaign (Jasmin Revolution)","Tunisia",2010,2011,"Government (Ben Ali Regime)",1,0,0,0,0,1,0,1,0,0,"Tunisia Anti-Ben Ali Campaign (Jasmin Revolution)","Tunisia Anti-Ben Ali Campaign (Jasmin Revolution)",170,428,54,0.126168224299065,"2011 Tunisia Anti-Ben Ali Campaign (Jasmin Revolution) protest",0,616,"TUN","0",1,311,"exact","Anti-Ben Ali Campaign (Jasmine Revolution)","Tunisia",4,3,3,1,0,2011,0,0,0,"","Tunisia",616,1.407,88.643,1.627,0.778,0.897,0.851,4,3734.54650514638,11032528,0.89908839199287,54.0517255325681,46.0546537716688,5.91117256803133,723388160,1284363648,8,6,"NAVCO2.1 ID 311",311,1,1,1,0,"4",1,3,16.2163585580787,8.22538167256371,21.420281430041,2,2,"0","0"
312,"2013 Tunisia Anti-Islamist Government Protests banner",2013,"Anti-Islamist Government Protests + Protests Against the Crisis Talks","Tunisia",2013,2014,"Ennahda Party",1,0,0,0,0,1,0,1,0,0,"Tunisia Anti-Islamist Government Protests","Tunisia Anti-Islamist Government Protests",116,296.5,29,0.0978077571669477,"2013 Tunisia Anti-Islamist Government Protests",0,616,"TUN","0",1,312,"exact","Anti-Islamist Government Protests","Tunisia",1,3,2,1,1,2013,1,0,0,"","Tunisia",616,1.544,93.154,2.226,0.768,0.88,0.879,6,3892.13283360036,11300284,2.17446901947763,54.06519598671,44.8896426169321,6.57711580316094,988729920,549661568,12,6,"NAVCO2.1 ID 312",312,1,0,0,0,"1",1,3,16.2403384161101,8.26671257263108,21.1540032198522,2,1,"0","0"
520,"2013 Turkey Anti-Erdogan protest banner",2013,"Anti-Erdogan","Turkey",2013,2015,"Erdogan government",0,1,0,0,0,1,0,1,0,0,"Turkey Anti-Erdogan","Turkey Anti-Erdogan",881,1629,158,0.0969920196439533,"2013 Turkey Anti-Erdogan protest",0,640,"TUR","0",0,313,"exact","Anti-Erdogan","Turkey",0,2,3,1,1,2013,1,0,0,"","Türkiye",640,1.595,96.444,-0.46,0.541,0.73,0.525,9,10138.8287513476,76576117,1.41608273530683,28.7342892947321,23.7930095050818,7.09829585797064,912452736,7432960000,11,0,"NAVCO2.1 ID 313",313,0,0,0,0,"0",1,2,18.1537957975829,9.22412776271699,22.8449778520343,3,1,"0","0"
314,"2013 Ukraine Euromaidan protest banner",2013,"Euromaidan","Ukraine",2013,2014,"President Yanukovych",1,0,0,0,0,1,0,1,0,0,"Ukraine Euromaidan","Ukraine Euromaidan",574,967,53,0.0548086866597725,"2013 Ukraine Euromaidan protest",0,369,"UKR","0",0,314,"close","Euromaiden","Ukraine",0,3,4,1,1,2013,1,0,0,"","Ukraine",369,1.083,97.625,0.907,0.737,0.896,0.762,6,2466.48413085938,45489648,2.36694390135139,51.1042867829065,42.8973826672717,6.44617263400144,336810080,2022286336,10,0,"NAVCO2.1 ID 314",314,0,0,0,0,"0",1,3,17.6329953415519,7.81054898678299,21.5815445085164,2,1,"0","0"
316,"2011 Yemen Anti Ali Adduallah Saleh Campaign protest banner",2011,"Anti Ali Adduallah Saleh Campaign","Yemen",2011,2012,"Government (Saleh Regime)",1,0,0,0,0,1,0,1,0,0,"Yemen Anti Ali Adduallah Saleh Campaign","Yemen Anti Ali Adduallah Saleh Campaign",331,818,51,0.0623471882640587,"2011 Yemen Anti Ali Adduallah Saleh Campaign protest",0,679,"YEM","1",1,316,"close","Anti-Ali Abdullah Saleh","Yemen",0,3,5,1,0,2012,0,0,0,"","Yemen",679,0.132,65.538,-0.174,0.394,0.233,0.536,-2,2159.84545808928,25475610,-1.58233916831705,32.7190337847532,30.3404241701511,7.45171915265359,369311968,560325376,11,5,"NAVCO2.1 ID 316",316,0,0,0,0,"0",1,3,17.0532320818305,7.6777919509377,20.6503051164478,2,1,"0","0"
316,"2012 Yemen Anti Ali Adduallah Saleh Campaign protest banner",2012,"Anti Ali Adduallah Saleh Campaign","Yemen",2011,2012,"Government (Saleh Regime)",1,0,0,0,0,1,0,1,0,0,"Yemen Anti Ali Adduallah Saleh Campaign","Yemen Anti Ali Adduallah Saleh Campaign",198,461,37,0.0802603036876356,"2012 Yemen Anti Ali Adduallah Saleh Campaign protest",0,679,"YEM","1",1,316,"close","Anti-Ali Abdullah Saleh","Yemen",4,3,-99,1,0,2012,0,0,0,"","Yemen",679,-0.466,65.077,0.211,0.484,0.245,0.63,3,2148.46678905805,26223391,-0.0402221923159827,36.497920216673,24.8637169658953,7.35386286822423,549008704,403543296,15,5,"NAVCO2.1 ID 316",316,1,1,1,0,"4",1,3,17.0821623566943,7.67250974536137,20.6746552577006,2,2,"0","0"
317,"2010 Algeria Anti-Abdelaziz Bouteflika Campaign protest banner",2010,"Anti-Abdelaziz Bouteflika Campaign","Algeria",2010,2012,"Abdelaziz Bouteflika's Government",0,1,0,0,0,1,0,1,0,0,"Algeria Anti-Abdelaziz Bouteflika Campaign","Algeria Anti-Abdelaziz Bouteflika Campaign",121,300,22,0.0733333333333333,"2010 Algeria Anti-Abdelaziz Bouteflika Campaign protest",0,615,"DZA","0",1,317,"exact","Anti-Abdelaziz Bouteflika Campaign","Algeria",0,3,0,1,0,2012,0,2,0,"","Algeria",615,1.539,88.286,-0.205,0.594,0.677,0.53,2,3931.72134771045,35856344,1.42696363601643,31.4221139127473,38.4445473501205,5.56606322964237,217272608,99426608,5,6,"NAVCO2.1 ID 317",317,0,0,0,0,"0",1,3,17.3950310689081,8.27683261093039,19.5734630391345,3,1,"2","0"
317,"2011 Algeria Anti-Abdelaziz Bouteflika Campaign protest banner",2011,"Anti-Abdelaziz Bouteflika Campaign","Algeria",2010,2012,"Abdelaziz Bouteflika's Government",0,1,0,0,0,1,0,1,0,0,"Algeria Anti-Abdelaziz Bouteflika Campaign","Algeria Anti-Abdelaziz Bouteflika Campaign",324,697,63,0.0903873744619799,"2011 Algeria Anti-Abdelaziz Bouteflika Campaign protest",0,615,"DZA","0",1,317,"exact","Anti-Abdelaziz Bouteflika Campaign","Algeria",1,3,2,1,0,2012,0,0,0,"","Algeria",615,1.539,88.286,-0.205,0.602,0.677,0.534,2,3969.66157703235,36543541,1.28553461707309,28.6861830923084,38.7881186400386,5.51508508958465,213123712,96225368,6,6,"NAVCO2.1 ID 317",317,1,0,0,0,"1",1,3,17.4140150117175,8.28643612496766,19.5499809091917,3,2,"0","0"
317,"2012 Algeria Anti-Abdelaziz Bouteflika Campaign protest banner",2012,"Anti-Abdelaziz Bouteflika Campaign","Algeria",2010,2012,"Abdelaziz Bouteflika's Government",0,1,0,0,0,1,0,1,0,0,"Algeria Anti-Abdelaziz Bouteflika Campaign","Algeria Anti-Abdelaziz Bouteflika Campaign",153,297,24,0.0808080808080808,"2012 Algeria Anti-Abdelaziz Bouteflika Campaign protest",0,615,"DZA","0",1,317,"exact","Anti-Abdelaziz Bouteflika Campaign","Algeria",5,3,1,1,0,2012,0,0,0,"","Algeria",615,1.539,91,-0.205,0.611,0.695,0.535,2,4025.64280301169,37260563,0.717693335672016,28.5144313881196,36.8905478100074,5.12969532679376,175723184,137738720,8,6,"NAVCO2.1 ID 317",317,0,0,0,1,"5",1,3,17.4334460330611,8.30043987971316,19.5631883955022,3,3,"0","0"
319,"2013 Egypt Sinai Insurgency protest banner",2013,"Sinai Insurgency","Egypt",2013,2019,"Sisi Government",0,0,1,1,1,0,0,1,0,0,"Egypt Sinai Insurgency","Egypt Sinai Insurgency",120,166,21,0.126506024096386,"2013 Egypt Sinai Insurgency protest",0,651,"EGY","1",1,319,"exact","Sinai Insurgency","Egypt",0,3,1,0,1,2013,1,0,0,"","Egypt",651,1.158,84.727,-1.182,0.217,0.429,0.226,-4,3283.74071993724,93377890,1.45343420769727,23.3551924317351,17.0178456245969,5.98558994941592,6917741568,1746383360,15,5,"NAVCO2.1 ID 319",319,0,0,0,0,"0",0,3,18.3521651514068,8.09673851493934,22.8824567658625,7,1,"0","1"
320,"2011 Jordan Protest for Constitutional Reform banner",2011,"Protest for Constitutional Reform","Jordan",2011,2013,"Government (Prime Minister Samir Rifai)",0,1,0,0,0,1,0,1,0,0,"Jordan Protest for Constitutional Reform","Jordan Protest for Constitutional Reform",148,364,45,0.123626373626374,"2011 Jordan Protest for Constitutional Reform",0,663,"JOR","1",1,320,"exact","Protest for Constitutional Reform","Jordan",3,2,1,1,0,2013,0,1,0,"","Jordan",663,1.058,97.833,0.176,0.641,0.756,0.541,-3,4872.99655319502,7109980,5.03335872518524,72.1491018478831,46.5505776138352,8.23227505746322,1126481024,275321376,8,5,"NAVCO2.1 ID 320",320,1,1,0,0,"3",1,2,15.7770099888359,8.49146433551615,21.0610246748269,3,1,"1","0"
320,"2012 Jordan Protest for Constitutional Reform banner",2012,"Protest for Constitutional Reform","Jordan",2011,2013,"Government (Prime Minister Samir Rifai)",0,1,0,0,0,1,0,1,0,0,"Jordan Protest for Constitutional Reform","Jordan Protest for Constitutional Reform",60,201,15,0.0746268656716418,"2012 Jordan Protest for Constitutional Reform",0,663,"JOR","1",1,320,"exact","Protest for Constitutional Reform","Jordan",3,2,2,1,0,2013,0,0,1,"","Jordan",663,1.058,97.833,0.169,0.641,0.752,0.542,-3,4920.86518854285,7211863,4.89480688987219,72.6296023235266,45.2259854350753,8.24035031158422,3716055552,547798464,8,5,"NAVCO2.1 ID 320",320,1,1,0,0,"3",1,2,15.7912378670073,8.50123964535617,22.1734392870607,3,2,"0","0"
320,"2013 Jordan Protest for Constitutional Reform banner",2013,"Protest for Constitutional Reform","Jordan",2011,2013,"Government (Prime Minister Samir Rifai)",0,1,0,0,0,1,0,1,0,0,"Jordan Protest for Constitutional Reform","Jordan Protest for Constitutional Reform",46,132,14,0.106060606060606,"2013 Jordan Protest for Constitutional Reform",0,663,"JOR","1",1,320,"exact","Protest for Constitutional Reform","Jordan",5,1,1,1,0,2013,0,1,1,"","Jordan",663,0.823,97.583,0.394,0.663,0.717,0.543,-3,4732.38723182253,7694814,5.64977168061743,70.1559243429093,41.2956035259335,8.22993457495995,1802110848,611161792,13,5,"NAVCO2.1 ID 320",320,0,0,0,1,"5",1,1,15.856057153423,8.46218505434158,21.6042496056028,3,3,"1","0"
328,"2012 Mali Northern Mali conflict protest banner",2012,"Northern Mali conflict","Mali",2012,2015,"Mailian government",0,1,0,0,1,0,0,0,1,0,"Mali Northern Mali conflict","Mali Northern Mali conflict",191,324,47,0.145061728395062,"2012 Mali Northern Mali conflict protest",0,432,"MLI","0",1,328,"exact","Northern Mali Conflict","Mali",3,3,-99,0,0,2013,1,0,0,"","Mali",432,1.32,66.143,1.835,0.825,0.833,0.905,0,682.287841880071,16514687,3.19756727737826,31.2642545447676,27.8563400059191,6.11366214798776,517056448,131126336,14,6,"NAVCO2.1 ID 328",328,1,1,0,0,"3",0,3,16.61976066416,6.5254516243457,20.289683290158,4,1,"0","1"
328,"2013 Mali Northern Mali conflict protest banner",2013,"Northern Mali conflict","Mali",2012,2015,"Mailian government",0,1,0,0,1,0,0,0,1,0,"Mali Northern Mali conflict","Mali Northern Mali conflict",144,262,35,0.133587786259542,"2013 Mali Northern Mali conflict protest",0,432,"MLI","0",1,328,"exact","Northern Mali Conflict","Mali",0,3,-99,0,0,2013,1,0,0,"","Mali",432,0.38,75,1.179,0.794,0.753,0.863,5,677.861138723626,17004033,2.32536499405128,39.8771206135254,24.9405402595496,5.96602314271869,941684736,1512546048,16,6,"NAVCO2.1 ID 328",328,0,0,0,0,"0",0,3,16.6489611091788,6.51894245682179,21.6210792232305,4,2,"0","1"
332,"2009 Georgia 2009 Anti-Saakashvili Campaign protest banner",2009,"2009 Anti-Saakashvili Campaign","Georgia",2009,2009,"Government of Georgia",0,0,1,0,0,1,0,1,0,0,"Georgia 2009 Anti-Saakashvili Campaign","Georgia Anti-Saakashvili Campaign",30,45,2,0.0444444444444444,"2009 Georgia 2009 Anti-Saakashvili Campaign protest",0.124667729930888,372,"GEO","0",0,332,"close","Anti-Shashkvilli Campaign","Georgia",0,2,2,1,0,2013,0,0,0,"","Georgia",372,1.76,79.333,2.408,0.718,0.754,0.785,6,2897.1308766973,3814419,6.13737283911673,48.6478372067163,29.5452018236406,8.49956513274127,776140096,865052032,12,0,"NAVCO2.1 ID 332",332,0,0,0,0,"0",1,2,15.1542989175249,7.97147617337898,21.2186887226397,1,1,"0","0"
333,"2009 Iran Green Revolution and Day of Rage protest banner",2009,"Green Revolution and Day of Rage","Iran",2009,2013,"Government",0,1,0,0,0,1,0,1,0,0,"Iran Green Revolution and Day of Rage","Iran Green Revolution and Day of Rage",45,119,8,0.0672268907563025,"2009 Iran Green Revolution and Day of Rage protest",0,630,"IRN","0",0,333,"exact","Green Revolution and Day of Rage","Iran",0,3,5,1,0,2013,0,0,0,"","Iran",630,1.449,91.667,-1.624,0.224,0.47,0.158,-7,5155.85725170023,74322685,0.716484923199016,20.988091086537,22.7114891378215,5.1457834475479,87383384,15532690,6,0,"NAVCO2.1 ID 333",333,0,0,0,0,"0",1,3,18.1239267793738,8.54788867781473,18.449424408234,5,1,"0","0"
333,"2010 Iran Green Revolution and Day of Rage protest banner",2010,"Green Revolution and Day of Rage","Iran",2009,2013,"Government",0,1,0,0,0,1,0,1,0,0,"Iran Green Revolution and Day of Rage","Iran Green Revolution and Day of Rage",57,118,9,0.076271186440678,"2010 Iran Green Revolution and Day of Rage protest",0,630,"IRN","0",0,333,"exact","Green Revolution and Day of Rage","Iran",0,3,0,1,0,2013,0,0,0,"","Iran",630,1.449,91.667,-2.047,0.189,0.446,0.111,-7,5378.71771332894,75373855,0.749571759976535,19.3709904542309,24.399653282909,5.15591772677501,108636504,22725856,7,0,"NAVCO2.1 ID 333",333,0,0,0,0,"0",1,3,18.1379710221831,8.59020528150016,18.6934701770148,5,2,"0","0"
333,"2011 Iran Green Revolution and Day of Rage protest banner",2011,"Green Revolution and Day of Rage","Iran",2009,2013,"Government",0,1,0,0,0,1,0,1,0,0,"Iran Green Revolution and Day of Rage","Iran Green Revolution and Day of Rage",42,88,9,0.102272727272727,"2011 Iran Green Revolution and Day of Rage protest",0,630,"IRN","0",0,333,"exact","Green Revolution and Day of Rage","Iran",0,3,3,1,0,2013,0,0,0,"","Iran",630,1.449,91.667,-1.716,0.191,0.446,0.118,-7,5450.93821512386,76342971,0.683036656371718,16.2861016653904,24.9333131264674,5.19362544371378,99933184,6154879,5,0,"NAVCO2.1 ID 333",333,0,0,0,0,"0",1,3,18.1507465225225,8.60354302240527,18.4797800996121,5,3,"0","0"
333,"2012 Iran Green Revolution and Day of Rage protest banner",2012,"Green Revolution and Day of Rage","Iran",2009,2013,"Government",0,1,0,0,0,1,0,1,0,0,"Iran Green Revolution and Day of Rage","Iran Green Revolution and Day of Rage",43,135,12,0.0888888888888889,"2012 Iran Green Revolution and Day of Rage protest",0,630,"IRN","0",0,333,"exact","Green Revolution and Day of Rage","Iran",0,3,1,1,0,2013,0,0,0,"","Iran",630,1.449,91.667,-1.716,0.191,0.446,0.118,-7,5180.0860295384,77324451,0.723831888828296,21.6140464814866,22.4753001992586,2.58343826239408,113937088,11501190,7,0,"NAVCO2.1 ID 333",333,0,0,0,0,"0",1,3,18.1635207766072,8.55257694313461,18.6473243947656,5,4,"0","0"
333,"2013 Iran Green Revolution and Day of Rage protest banner",2013,"Green Revolution and Day of Rage","Iran",2009,2013,"Government",0,1,0,0,0,1,0,1,0,0,"Iran Green Revolution and Day of Rage","Iran Green Revolution and Day of Rage",37,71,6,0.0845070422535211,"2013 Iran Green Revolution and Day of Rage protest",0,630,"IRN","0",0,333,"exact","Green Revolution and Day of Rage","Iran",5,3,2,1,0,2013,0,0,0,"","Iran",630,1.449,89.429,-1.432,0.234,0.441,0.145,-7,5027.48471948954,78458928,0.61893186525587,21.9038111775683,25.1829067419072,4.10278971758507,106683280,344906944,7,0,"NAVCO2.1 ID 333",333,0,0,0,1,"5",1,3,18.1780858356393,8.52267508225672,19.9282857447442,5,5,"0","0"
335,"2010 Russia Snow Revolution protest banner",2010,"Snow Revolution","Russia",2010,2019,"Putin",0,0,1,1,0,1,0,1,0,0,"Russia Snow Revolution","Russia Snow Revolution",60,129,15,0.116279069767442,"2010 Russia Snow Revolution protest",0,365,"RUS","0",0,335,"close","Anti-Putin/ ""Snow Revolution""","Russia",0,2,2,1,0,2013,1,1,0,"","Russia",365,1.973,98.867,0.235,0.542,0.805,0.472,4,8755.11328125,142849468,2.83082730005737,21.1399447023288,29.2155607850389,5.89939451061132,28220,184824448,3,0,"NAVCO2.1 ID 335",335,0,0,0,0,"0",1,2,18.7773019624479,9.07739318367108,19.0350696819768,10,1,"1","0"
335,"2011 Russia Snow Revolution protest banner",2011,"Snow Revolution","Russia",2010,2019,"Putin",0,0,1,1,0,1,0,1,0,0,"Russia Snow Revolution","Russia Snow Revolution",113,258,30,0.116279069767442,"2011 Russia Snow Revolution protest",0,365,"RUS","0",0,335,"close","Anti-Putin/ ""Snow Revolution""","Russia",0,3,3,1,0,2013,1,0,0,"","Russia",365,1.973,98.8,0.062,0.544,0.828,0.455,4,9124.4677734375,142960908,2.69235742380976,19.9800379279369,28.0553614798549,6.04125563525075,NA,5.65e+08,1,0,"NAVCO2.1 ID 335",335,0,0,0,0,"0",1,3,18.7780817802222,9.11871485055102,20.1523362908806,10,2,"0","0"
335,"2012 Russia Snow Revolution protest banner",2012,"Snow Revolution","Russia",2010,2019,"Putin",0,0,1,1,0,1,0,1,0,0,"Russia Snow Revolution","Russia Snow Revolution",113,205,19,0.0926829268292683,"2012 Russia Snow Revolution protest",0,365,"RUS","0",0,335,"close","Anti-Putin/ ""Snow Revolution""","Russia",1,2,2,1,0,2013,1,0,0,"","Russia",365,1.973,98.867,-0.255,0.518,0.803,0.42,4,9475.6826171875,143201721,2.29079639619755,20.2440700464294,26.9073203393663,6.2466594940419,NA,NA,NA,0,"NAVCO2.1 ID 335",335,1,0,0,0,"1",1,2,18.779764830575,9.15648407138592,NA,10,3,"0","0"
335,"2013 Russia Snow Revolution protest banner",2013,"Snow Revolution","Russia",2010,2019,"Putin",0,0,1,1,0,1,0,1,0,0,"Russia Snow Revolution","Russia Snow Revolution",116,201,33,0.164179104477612,"2013 Russia Snow Revolution protest",0,365,"RUS","0",0,335,"close","Anti-Putin/ ""Snow Revolution""","Russia",0,1,2,1,0,2013,1,0,0,"","Russia",365,1.973,98.692,-0.308,0.507,0.784,0.401,4,9621.509765625,143506995,3.01939794071852,20.441812574244,25.845336826255,6.40482748233475,NA,NA,NA,0,"NAVCO2.1 ID 335",335,0,0,0,0,"0",1,1,18.7818943376205,9.17175647163957,NA,10,4,"0","0"
339,"2011 Mauritania Anti-Aziz Protests banner",2011,"Anti-Aziz Protests","Mauritania",2011,2014,"Mohamed Ould Abdel Aziz Regime, Government run census",0,0,1,0,0,1,0,1,0,0,"Mauritania Anti-Aziz Protests","Mauritania Anti-Aziz Protests",18,37,4,0.108108108108108,"2011 Mauritania Anti-Aziz Protests",0,435,"MRT","0",1,339,"exact","Anti-Aziz Protests","Mauritania",0,3,1,1,0,2013,1,2,0,"","Mauritania",435,1.343,90.125,0.592,0.719,0.787,0.8,-2,1463.59343478143,3524249,8.70334474019513,48.3025199043706,50.1828096997874,6.19883294369296,205608320,158061344,11,6,"NAVCO2.1 ID 339",339,0,0,0,0,"0",1,3,15.0751779218848,7.28864994747049,19.7117564998249,4,1,"2","0"
339,"2012 Mauritania Anti-Aziz Protests banner",2012,"Anti-Aziz Protests","Mauritania",2011,2014,"Mohamed Ould Abdel Aziz Regime, Government run census",0,0,1,0,0,1,0,1,0,0,"Mauritania Anti-Aziz Protests","Mauritania Anti-Aziz Protests",21,33,3,0.0909090909090909,"2012 Mauritania Anti-Aziz Protests",0,435,"MRT","0",1,339,"exact","Anti-Aziz Protests","Mauritania",0,3,2,1,0,2013,1,0,0,"","Mauritania",435,1.343,90.688,0.592,0.72,0.787,0.795,-2,1481.97649661363,3636113,20.6013054045892,62.5267675338065,48.2613552096143,6.01931487084932,261716080,244454240,16,6,"NAVCO2.1 ID 339",339,0,0,0,0,"0",1,3,15.1064258119044,7.30113194649521,20.0423837733805,4,2,"0","0"
339,"2013 Mauritania Anti-Aziz Protests banner",2013,"Anti-Aziz Protests","Mauritania",2011,2014,"Mohamed Ould Abdel Aziz Regime, Government run census",0,0,1,0,0,1,0,1,0,0,"Mauritania Anti-Aziz Protests","Mauritania Anti-Aziz Protests",17,38,1,0.0263157894736842,"2013 Mauritania Anti-Aziz Protests",0,435,"MRT","0",1,339,"exact","Anti-Aziz Protests","Mauritania",0,3,-99,1,0,2013,1,0,0,"","Mauritania",435,1.499,89.75,0.176,0.608,0.786,0.695,-2,1499.43029989696,3742959,15.5890199648425,56.8502249709266,45.5485992122422,5.93652204282657,280903584,467624160,16,6,"NAVCO2.1 ID 339",339,0,0,0,0,"0",1,3,15.1353870330462,7.3128405148793,20.4336188286052,4,3,"0","0"
340,"2010 Western Sahara Renewed Western Sahara Independence Protests banner",2010,"Renewed Western Sahara Independence Protests","Western Sahara",2010,2019,"Moroccan Government",0,0,1,1,0,1,1,0,0,0,"Western Sahara Renewed Western Sahara Independence Protests","Western Sahara Renewed Western Sahara Independence Protests",71,127,24,0.188976377952756,"2010 Western Sahara Renewed Western Sahara Independence Protests",0,600,"MAR","0",1,340,"exact","Western Sahara Independence Movement","Western Sahara",1,3,2,1,0,2013,1,5,0,"Western Sahara","Morocco",600,1.066,93.8,0.036,0.611,0.551,0.566,-6,2385.51220703125,32464865,1.33090448180717,43.0146159179429,32.2330186178348,6.40476946377292,1586029184,2648271104,10,6,"NAVCO2.1 ID 340",340,1,0,0,0,"1",1,3,17.2956689855917,7.77716914212238,22.1664839303846,10,1,"5","0"
340,"2011 Western Sahara Renewed Western Sahara Independence Protests banner",2011,"Renewed Western Sahara Independence Protests","Western Sahara",2010,2019,"Moroccan Government",0,0,1,1,0,1,1,0,0,0,"Western Sahara Renewed Western Sahara Independence Protests","Western Sahara Renewed Western Sahara Independence Protests",83,141,24,0.170212765957447,"2011 Western Sahara Renewed Western Sahara Independence Protests",0,600,"MAR","0",1,340,"exact","Western Sahara Independence Movement","Western Sahara",1,3,-99,1,0,2013,1,5,0,"Western Sahara","Morocco",600,1.066,93.8,0.069,0.615,0.551,0.598,-4,2476.39111328125,32903699,2.48727462132161,48.7267659012507,34.7000342650751,6.5128355014618,950826048,1315890560,9,6,"NAVCO2.1 ID 340",340,1,0,0,0,"1",1,3,17.3090956410266,7.8145575830751,21.5415981936,10,2,"5","0"
340,"2012 Western Sahara Renewed Western Sahara Independence Protests banner",2012,"Renewed Western Sahara Independence Protests","Western Sahara",2010,2019,"Moroccan Government",0,0,1,1,0,1,1,0,0,0,"Western Sahara Renewed Western Sahara Independence Protests","Western Sahara Renewed Western Sahara Independence Protests",75,124,16,0.129032258064516,"2012 Western Sahara Renewed Western Sahara Independence Protests",0,600,"MAR","0",1,340,"exact","Western Sahara Independence Movement","Western Sahara",1,3,1,1,0,2013,1,5,0,"Western Sahara","Morocco",600,1.066,93.933,0.069,0.616,0.551,0.596,-4,2515.82373046875,33352169,2.89209442103955,50.1953693973565,34.9295478964619,6.66869198796731,2373028864,2077717632,12,6,"NAVCO2.1 ID 340",340,1,0,0,0,"1",1,3,17.3226333656923,7.83035555593392,22.2163376711906,10,3,"5","0"
340,"2013 Western Sahara Renewed Western Sahara Independence Protests banner",2013,"Renewed Western Sahara Independence Protests","Western Sahara",2010,2019,"Moroccan Government",0,0,1,1,0,1,1,0,0,0,"Western Sahara Renewed Western Sahara Independence Protests","Western Sahara Renewed Western Sahara Independence Protests",57,86,14,0.162790697674419,"2013 Western Sahara Renewed Western Sahara Independence Protests",0,600,"MAR","0",1,340,"exact","Western Sahara Independence Movement","Western Sahara",5,3,1,1,0,2013,1,5,0,"Western Sahara","Morocco",600,1.066,93.273,0.153,0.614,0.545,0.613,-4,2593.99560546875,33803527,3.14616379903882,47.2429150383719,32.7776435173172,6.67064562959864,1789975552,3595141632,14,6,"NAVCO2.1 ID 340",340,0,0,0,1,"5",1,3,17.3360757041217,7.86095467076113,22.4069049086922,10,4,"5","0"
341,"2009 Yemen Al Qaeda in the Arabian Peninsula protest banner",2009,"Al Qaeda in the Arabian Peninsula","Yemen",2009,2019,"Yemen government",0,0,1,1,1,0,0,1,0,0,"Yemen Al Qaeda in the Arabian Peninsula","Yemen Al Qaeda in the Arabian Peninsula",94,176,20,0.113636363636364,"2009 Yemen Al Qaeda in the Arabian Peninsula protest",0,679,"YEM","1",1,341,"exact","Al Qaeda in the Arabian Peninsula","Yemen",0,3,0,0,0,2013,1,3,0,"Arabian Peninsula","Yemen",679,0.145,71.538,-0.227,0.393,0.249,0.459,-2,2435.76727333535,24029589,0.514120933823452,NA,NA,NA,1331656704,518889312,11,5,"NAVCO2.1 ID 341",341,0,0,0,0,"0",0,3,16.9947965039459,7.79801708786826,21.3387465768145,11,1,"3","1"
341,"2010 Yemen Al Qaeda in the Arabian Peninsula protest banner",2010,"Al Qaeda in the Arabian Peninsula","Yemen",2009,2019,"Yemen government",0,0,1,1,1,0,0,1,0,0,"Yemen Al Qaeda in the Arabian Peninsula","Yemen Al Qaeda in the Arabian Peninsula",139,231,29,0.125541125541126,"2010 Yemen Al Qaeda in the Arabian Peninsula protest",0,679,"YEM","1",1,341,"exact","Al Qaeda in the Arabian Peninsula","Yemen",0,3,0,0,0,2013,1,3,0,"Arabian Peninsula","Yemen",679,0.145,71.077,-0.33,0.387,0.209,0.473,-2,2547.64071414516,24743946,0.610357927076417,34.3905592167085,29.9950775630093,7.63429460814535,477163936,630243776,12,5,"NAVCO2.1 ID 341",341,0,0,0,0,"0",0,3,17.0240914109974,7.84292299974224,20.8252877272919,11,2,"3","1"
341,"2011 Yemen Al Qaeda in the Arabian Peninsula protest banner",2011,"Al Qaeda in the Arabian Peninsula","Yemen",2009,2019,"Yemen government",0,0,1,1,1,0,0,1,0,0,"Yemen Al Qaeda in the Arabian Peninsula","Yemen Al Qaeda in the Arabian Peninsula",294,666,62,0.0930930930930931,"2011 Yemen Al Qaeda in the Arabian Peninsula protest",0,679,"YEM","1",1,341,"exact","Al Qaeda in the Arabian Peninsula","Yemen",3,3,0,0,0,2013,1,3,0,"Arabian Peninsula","Yemen",679,0.132,65.538,-0.174,0.394,0.233,0.536,-2,2159.84545808928,25475610,-1.58233916831705,32.7190337847532,30.3404241701511,7.45171915265359,369311968,560325376,11,5,"NAVCO2.1 ID 341",341,1,1,0,0,"3",0,3,17.0532320818305,7.6777919509377,20.6503051164478,11,3,"3","1"
341,"2012 Yemen Al Qaeda in the Arabian Peninsula protest banner",2012,"Al Qaeda in the Arabian Peninsula","Yemen",2009,2019,"Yemen government",0,0,1,1,1,0,0,1,0,0,"Yemen Al Qaeda in the Arabian Peninsula","Yemen Al Qaeda in the Arabian Peninsula",194,339,42,0.123893805309735,"2012 Yemen Al Qaeda in the Arabian Peninsula protest",0,679,"YEM","1",1,341,"exact","Al Qaeda in the Arabian Peninsula","Yemen",0,3,1,0,0,2013,1,3,0,"Arabian Peninsula","Yemen",679,-0.466,65.077,0.211,0.484,0.245,0.63,3,2148.46678905805,26223391,-0.0402221923159827,36.497920216673,24.8637169658953,7.35386286822423,549008704,403543296,15,5,"NAVCO2.1 ID 341",341,0,0,0,0,"0",0,3,17.0821623566943,7.67250974536137,20.6746552577006,11,4,"3","1"
341,"2013 Yemen Al Qaeda in the Arabian Peninsula protest banner",2013,"Al Qaeda in the Arabian Peninsula","Yemen",2009,2019,"Yemen government",0,0,1,1,1,0,0,1,0,0,"Yemen Al Qaeda in the Arabian Peninsula","Yemen Al Qaeda in the Arabian Peninsula",116,206,37,0.179611650485437,"2013 Yemen Al Qaeda in the Arabian Peninsula protest",0,679,"YEM","1",1,341,"exact","Al Qaeda in the Arabian Peninsula","Yemen",0,3,1,0,0,2013,1,3,0,"Arabian Peninsula","Yemen",679,-0.466,65.727,-0.005,0.446,0.219,0.565,3,2188.61751439402,26984002,-0.330496410064222,30.152279647517,22.3595984891919,7.379182386964,664382656,767698496,16,5,"NAVCO2.1 ID 341",341,0,0,0,0,"0",0,3,17.1107547298416,7.6910253515083,21.0823945749685,11,5,"3","1"
356,"2013 Syria Islamic State protest banner",2013,"Islamic State","Syria",2013,2019,"Syrian government",0,0,1,1,1,0,0,1,0,0,"Syria Islamic State","Syria Islamic State",218,476,88,0.184873949579832,"2013 Syria Islamic State protest",0,652,"SYR","0",1,356,"exact","Islamic State","Syria",0,3,2,0,1,2013,1,0,0,"","Syria",652,-0.897,45.7,-2.935,0.064,0.111,0.038,-9,891.451785733885,21495821,NA,36.9272368111259,7.7780179722273,3.56715656840793,1727367680,603934528,10,6,"NAVCO2.1 ID 356",356,0,0,0,0,"0",0,3,16.8833691021122,6.79285135365773,21.5696928363871,7,1,"0","1"
361,"2013 Central African Republic anti-Balaka protest banner",2013,"anti-Balaka","Central African Republic",2013,2014,"Central African Republic govt",1,0,0,0,1,0,0,1,0,0,"Central African Republic anti-Balaka","Central African Republic anti-Balaka",182,242,14,0.0578512396694215,"2013 Central African Republic anti-Balaka protest",0,482,"CAF","0",1,361,"exact","Anti-balaka","Central African Republic",0,3,2,0,1,2013,1,0,0,"","Central African Republic",482,-0.696,59.5,-1.472,0.318,0.336,0.495,0,338.16570463051,4802428,0.109532615721406,23.4263327799409,14.9729547921906,4.30822043275428,95979744,144971296,13,6,"NAVCO2.1 ID 361",361,0,0,0,0,"0",0,3,15.3846321813209,5.82353602573568,19.3001043214397,2,1,"0","1"
