"model","estimator","moderator","term","beta","se","ci_lo","ci_hi","panel"
"M1","Weibull AFT","repress_c","eng_c:repress_c",-5.15351672290983,2.6749222526327,-10.3962679995147,0.089234553695003,"Main"
"M1s","Weibull AFT","repress_c","eng_c:repress_c",-2.85853832002244,3.49922337775424,-9.71689011428134,3.99981347423646,"Appendix"
"M2","Weibull AFT","civlib_c","eng_c:civlib_c",-23.7369425578997,15.19528899032,-53.519161713605,6.0452765978055,"Main"
"M2s","Weibull AFT","civlib_c","eng_c:civlib_c",-12.6502479315169,20.1339080469328,-52.1119825715463,26.8114867085126,"Appendix"
"M3","Weibull AFT","clpol_c","eng_c:clpol_c",-28.7579761836397,16.2292656140091,-60.5667522826319,3.05079991535242,"Main"
"M3s","Weibull AFT","clpol_c","eng_c:clpol_c",-15.7930745599189,21.6366195106429,-58.2000695479757,26.6139204281378,"Appendix"
"M4","Weibull AFT","polity_c","eng_c:polity_c",-0.122879680424706,0.684572791309733,-1.46461769618784,1.21885833533842,"Main"
"M4s","Weibull AFT","polity_c","eng_c:polity_c",0.355785600740581,0.940443979854777,-1.48745072925229,2.19902193073345,"Appendix"
"M5","Firth PML","repress_c","eng_c:repress_c",15.0626967330279,7.51871918476944,0.326277921009424,29.7991155450463,"Main"
"M5s","Firth PML","repress_c","eng_c:repress_c",2.94789950419552,6.42962082116919,-9.65392573954494,15.549724747936,"Appendix"
"M6","Firth PML","civlib_c","eng_c:civlib_c",77.9649749823229,39.5845768840115,0.380629946403758,155.549320018242,"Main"
"M6s","Firth PML","civlib_c","eng_c:civlib_c",25.6682954082027,36.3925939645808,-45.6598780663655,96.9964688827709,"Appendix"
"M7","Firth PML","clpol_c","eng_c:clpol_c",83.8090270249871,41.2593930115546,2.94210269835655,164.675951351618,"Main"
"M7s","Firth PML","clpol_c","eng_c:clpol_c",21.5348649026098,38.9722228325669,-54.8492882466909,97.9190180519105,"Appendix"
"M8","Firth PML","polity_c","eng_c:polity_c",4.81923687228229,1.98297167931565,0.932683798460717,8.70578994610386,"Main"
"M8s","Firth PML","polity_c","eng_c:polity_c",2.47825439260517,2.03318784240915,-1.50672055232147,6.46322933753181,"Appendix"
"M9","bracl","repress_c","eng_c:repress_c",-5.61161003692482,4.11433139433579,-13.6755513902854,2.45233131643579,"Appendix"
"M10","bracl","civlib_c","eng_c:civlib_c",-31.8312030115265,22.1494512764403,-75.2433297906743,11.5809237676212,"Appendix"
"M11","bracl","clpol_c","eng_c:clpol_c",-34.2457805218906,23.5831271820718,-80.4678604415788,11.9762993977977,"Appendix"
"M12","bracl","polity_c","eng_c:polity_c",-2.32433512450767,1.17091756036114,-4.61929137168101,-0.0293788773343291,"Appendix"
"M13","Cox PH","repress_c","eng_c:repress_c",8.17874188517387,5.25207629450655,-2.11513849611555,18.4726222664633,"Appendix"
"M13s","Cox PH","repress_c","eng_c:repress_c",-2.71925694007734,5.61219174273352,-13.7189506301681,8.28043675001343,"Appendix"
"M14","Cox PH","civlib_c","eng_c:civlib_c",85.0695594071111,39.1026503725614,8.42977297682893,161.709345837393,"Appendix"
"M14s","Cox PH","civlib_c","eng_c:civlib_c",-56.8390597268513,55.6438910953013,-165.899082233311,52.2209627796083,"Appendix"
"M15","Cox PH","clpol_c","eng_c:clpol_c",50.3991394883306,27.9429652020177,-4.36806592888001,105.166344905541,"Appendix"
"M15s","Cox PH","clpol_c","eng_c:clpol_c",-29.6289051124693,55.1772800930523,-137.774386859731,78.5165766347922,"Appendix"
"M16","Cox PH","polity_c","eng_c:polity_c",3.35176192384698,1.96925084322502,-0.507898805399194,7.21142265309315,"Appendix"
"M16s","Cox PH","polity_c","eng_c:polity_c",2.21958448472315,3.07710951513882,-3.81143934143445,8.25060831088075,"Appendix"
"M17","Firth PML","repress_c","eng_c:repress_c",8.15347067942982,8.47581128290714,-8.4588141748264,24.765755533686,"Appendix"
"M17s","Firth PML","repress_c","eng_c:repress_c",-3.86251926602224,7.36205151222723,-18.2918750823162,10.5668365502718,"Appendix"
"M18","Firth PML","civlib_c","eng_c:civlib_c",52.0180742934811,51.1188352666163,-48.1730017607228,152.209150347685,"Appendix"
"M18s","Firth PML","civlib_c","eng_c:civlib_c",-18.2956084203103,56.5758556119591,-129.182247814288,92.5910309736678,"Appendix"
"M19","Firth PML","clpol_c","eng_c:clpol_c",47.2330781549985,47.4312759516394,-45.7305144509956,140.196670760993,"Appendix"
"M19s","Firth PML","clpol_c","eng_c:clpol_c",-20.6435031418176,45.3594604638571,-109.546412009146,68.2594057255108,"Appendix"
"M20","Firth PML","polity_c","eng_c:polity_c",2.59041024782618,1.98343611995257,-1.29705311291673,6.47787360856909,"Appendix"
"M20s","Firth PML","polity_c","eng_c:polity_c",0.58623144286467,2.32722153168495,-3.97503894328398,5.14750182901332,"Appendix"
"M21","bracl","repress_c","eng_c:repress_c",-2.15188712699711,2.32582866597916,-6.71042754652709,2.40665329253288,"Appendix"
"M22","bracl","civlib_c","eng_c:civlib_c",-17.0739057028654,14.4845811540982,-45.4631630960454,11.3153516903147,"Appendix"
"M23","bracl","clpol_c","eng_c:clpol_c",-13.5443516676482,13.6054187011516,-40.2104823164931,13.1217789811967,"Appendix"
"M24","bracl","polity_c","eng_c:polity_c",-0.575001474196936,0.577538706824867,-1.70695653925151,0.55695359085764,"Appendix"
"M13_AG","Cox PH","repress_c","eng_c:repress_c",9.96842320611206,6.05197441405539,-1.8932286807944,21.8300750930185,"Sensitivity"
"M14_AG","Cox PH","civlib_c","eng_c:civlib_c",65.764164363917,45.8336218731499,-24.0680837884841,155.596412516318,"Sensitivity"
"M15_AG","Cox PH","clpol_c","eng_c:clpol_c",52.1352150715161,30.7888914381659,-8.20990327120276,112.480333414235,"Sensitivity"
"M16_AG","Cox PH","polity_c","eng_c:polity_c",3.23033648961029,2.0185058668873,-0.725862312071606,7.18653529129219,"Sensitivity"
"M17_GEE","GEE logit","repress_c","eng_c:repress_c",13.9319325940901,9.94657043916879,-5.56298723637146,33.4268524245517,"Sensitivity"
"M18_GEE","GEE logit","civlib_c","eng_c:civlib_c",65.0600391784144,69.0786553765661,-70.3316374601093,200.451715816938,"Sensitivity"
"M19_GEE","GEE logit","clpol_c","eng_c:clpol_c",75.4542376301952,62.4542021421303,-46.9537492515645,197.862224511955,"Sensitivity"
"M20_GEE","GEE logit","polity_c","eng_c:polity_c",6.46795927318473,3.71744749593706,-0.81810393327051,13.75402247964,"Sensitivity"
