"panel","eng","fit","lwr","upr","reference_time","turning_point","turning_lo","turning_hi"
"M1: Weibull AFT",0,0.0383560029962871,0.000314807193131651,0.291560932312806,1.95555555555556,0.101483391456769,0.0829507559149583,0.120016026998579
"M1: Weibull AFT",0.00365348399246705,0.0416869493078395,0.000493509140946729,0.295784588815392,1.95555555555556,0.101483391456769,0.0829507559149583,0.120016026998579
"M1: Weibull AFT",0.0073069679849341,0.0455034324067626,0.000762697851478185,0.294083690999415,1.95555555555556,0.101483391456769,0.0829507559149583,0.120016026998579
"M1: Weibull AFT",0.0109604519774012,0.0498661727230294,0.00116222080445383,0.294175755205213,1.95555555555556,0.101483391456769,0.0829507559149583,0.120016026998579
"M1: Weibull AFT",0.0146139359698682,0.0548394186226838,0.00179951048825263,0.299404739331103,1.95555555555556,0.101483391456769,0.0829507559149583,0.120016026998579
"M1: Weibull AFT",0.0182674199623353,0.0604889344026887,0.00281179022973193,0.298400297737324,1.95555555555556,0.101483391456769,0.0829507559149583,0.120016026998579
"M1: Weibull AFT",0.0219209039548023,0.0668792714010423,0.00410084313025666,0.297123161742291,1.95555555555556,0.101483391456769,0.0829507559149583,0.120016026998579
"M1: Weibull AFT",0.0255743879472694,0.0740703340599965,0.00586037594505491,0.2955970428706,1.95555555555556,0.101483391456769,0.0829507559149583,0.120016026998579
"M1: Weibull AFT",0.0292278719397364,0.0821133200560998,0.00826865789258943,0.298021548965143,1.95555555555556,0.101483391456769,0.0829507559149583,0.120016026998579
"M1: Weibull AFT",0.0328813559322035,0.0910461673082816,0.0115332966841502,0.302310903312851,1.95555555555556,0.101483391456769,0.0829507559149583,0.120016026998579
"M1: Weibull AFT",0.0365348399246705,0.100888679898573,0.0161681787908786,0.300508604960455,1.95555555555556,0.101483391456769,0.0829507559149583,0.120016026998579
"M1: Weibull AFT",0.0401883239171376,0.111637551457514,0.0214226537895926,0.303722428519896,1.95555555555556,0.101483391456769,0.0829507559149583,0.120016026998579
"M1: Weibull AFT",0.0438418079096046,0.123261571320122,0.029378544793751,0.302687144621339,1.95555555555556,0.101483391456769,0.0829507559149583,0.120016026998579
"M1: Weibull AFT",0.0474952919020717,0.135697380002723,0.0379741649269847,0.304026518745063,1.95555555555556,0.101483391456769,0.0829507559149583,0.120016026998579
"M1: Weibull AFT",0.0511487758945387,0.14884621612132,0.0480836156183302,0.310317605240996,1.95555555555556,0.101483391456769,0.0829507559149583,0.120016026998579
"M1: Weibull AFT",0.0548022598870058,0.162572139328489,0.0595242708012893,0.317660380270547,1.95555555555556,0.101483391456769,0.0829507559149583,0.120016026998579
"M1: Weibull AFT",0.0584557438794728,0.176702194730611,0.074126782940691,0.322478540619127,1.95555555555556,0.101483391456769,0.0829507559149583,0.120016026998579
"M1: Weibull AFT",0.0621092278719399,0.19102888067264,0.0864484269835113,0.331899536359831,1.95555555555556,0.101483391456769,0.0829507559149583,0.120016026998579
"M1: Weibull AFT",0.0657627118644069,0.205315084779865,0.101580642872154,0.342354992917245,1.95555555555556,0.101483391456769,0.0829507559149583,0.120016026998579
"M1: Weibull AFT",0.069416195856874,0.219301376580927,0.117460140455672,0.345317619261061,1.95555555555556,0.101483391456769,0.0829507559149583,0.120016026998579
"M1: Weibull AFT",0.073069679849341,0.232715230647951,0.134194357521893,0.352843819077264,1.95555555555556,0.101483391456769,0.0829507559149583,0.120016026998579
"M1: Weibull AFT",0.0767231638418081,0.245281467427521,0.143871382838802,0.3647182706399,1.95555555555556,0.101483391456769,0.0829507559149583,0.120016026998579
"M1: Weibull AFT",0.0803766478342751,0.256733012991115,0.158063684180322,0.374489960189657,1.95555555555556,0.101483391456769,0.0829507559149583,0.120016026998579
"M1: Weibull AFT",0.0840301318267422,0.266821050639273,0.166839394534042,0.380071524014338,1.95555555555556,0.101483391456769,0.0829507559149583,0.120016026998579
"M1: Weibull AFT",0.0876836158192092,0.275323784288219,0.174162503095342,0.39266338265351,1.95555555555556,0.101483391456769,0.0829507559149583,0.120016026998579
"M1: Weibull AFT",0.0913370998116763,0.282053323307785,0.179555786721508,0.40053842324877,1.95555555555556,0.101483391456769,0.0829507559149583,0.120016026998579
"M1: Weibull AFT",0.0949905838041433,0.286860555312799,0.183149953100806,0.400339010605345,1.95555555555556,0.101483391456769,0.0829507559149583,0.120016026998579
"M1: Weibull AFT",0.0986440677966104,0.289638202215829,0.183470832040005,0.407286321437986,1.95555555555556,0.101483391456769,0.0829507559149583,0.120016026998579
"M1: Weibull AFT",0.102297551789077,0.290322472169905,0.185444606574196,0.409844637374308,1.95555555555556,0.101483391456769,0.0829507559149583,0.120016026998579
"M1: Weibull AFT",0.105951035781544,0.288893779667866,0.18341155669865,0.413749328158368,1.95555555555556,0.101483391456769,0.0829507559149583,0.120016026998579
"M1: Weibull AFT",0.109604519774012,0.285376909008874,0.179764524750648,0.414010947159812,1.95555555555556,0.101483391456769,0.0829507559149583,0.120016026998579
"M1: Weibull AFT",0.113258003766479,0.279840783958553,0.17614806419333,0.407856935295381,1.95555555555556,0.101483391456769,0.0829507559149583,0.120016026998579
"M1: Weibull AFT",0.116911487758946,0.272397744555357,0.167971679508404,0.397865101434428,1.95555555555556,0.101483391456769,0.0829507559149583,0.120016026998579
"M1: Weibull AFT",0.120564971751413,0.26320199494399,0.162754953023295,0.38576600510786,1.95555555555556,0.101483391456769,0.0829507559149583,0.120016026998579
"M1: Weibull AFT",0.12421845574388,0.25244674370798,0.152686316106738,0.372911962773357,1.95555555555556,0.101483391456769,0.0829507559149583,0.120016026998579
"M1: Weibull AFT",0.127871939736347,0.240359563499961,0.143733026697195,0.364043156595594,1.95555555555556,0.101483391456769,0.0829507559149583,0.120016026998579
"M1: Weibull AFT",0.131525423728814,0.227195671676605,0.13118186224727,0.354752355141716,1.95555555555556,0.101483391456769,0.0829507559149583,0.120016026998579
"M1: Weibull AFT",0.135178907721281,0.213229155189453,0.11857214802468,0.334953202083409,1.95555555555556,0.101483391456769,0.0829507559149583,0.120016026998579
"M1: Weibull AFT",0.138832391713748,0.19874255949167,0.102895574222419,0.330164926383045,1.95555555555556,0.101483391456769,0.0829507559149583,0.120016026998579
"M1: Weibull AFT",0.142485875706215,0.184015626876974,0.0880788173983364,0.324928012936312,1.95555555555556,0.101483391456769,0.0829507559149583,0.120016026998579
"M1: Weibull AFT",0.146139359698682,0.169314198146198,0.0733668860786073,0.31675287390528,1.95555555555556,0.101483391456769,0.0829507559149583,0.120016026998579
"M1: Weibull AFT",0.149792843691149,0.154880316080998,0.0621693606135621,0.313394092851688,1.95555555555556,0.101483391456769,0.0829507559149583,0.120016026998579
"M1: Weibull AFT",0.153446327683616,0.140924388675224,0.0494736867182393,0.299900578835637,1.95555555555556,0.101483391456769,0.0829507559149583,0.120016026998579
"M1: Weibull AFT",0.157099811676083,0.127619945493248,0.0402895444467561,0.286946611765862,1.95555555555556,0.101483391456769,0.0829507559149583,0.120016026998579
"M1: Weibull AFT",0.16075329566855,0.115101145507058,0.0308684655181187,0.278818770227441,1.95555555555556,0.101483391456769,0.0829507559149583,0.120016026998579
"M1: Weibull AFT",0.164406779661017,0.103462857456077,0.0240350520227948,0.271267434496345,1.95555555555556,0.101483391456769,0.0829507559149583,0.120016026998579
"M1: Weibull AFT",0.168060263653484,0.0927628903217643,0.0181208860502032,0.268864803077071,1.95555555555556,0.101483391456769,0.0829507559149583,0.120016026998579
"M1: Weibull AFT",0.171713747645951,0.0830258196358476,0.013514648876635,0.262681936708234,1.95555555555556,0.101483391456769,0.0829507559149583,0.120016026998579
"M1: Weibull AFT",0.175367231638418,0.074247823703983,0.00928151237957346,0.259050136029817,1.95555555555556,0.101483391456769,0.0829507559149583,0.120016026998579
"M1: Weibull AFT",0.179020715630885,0.0664019869644086,0.00633913611090648,0.248285891184104,1.95555555555556,0.101483391456769,0.0829507559149583,0.120016026998579
"M1: Weibull AFT",0.182674199623353,0.0594436182123801,0.00449048019798236,0.250674295568481,1.95555555555556,0.101483391456769,0.0829507559149583,0.120016026998579
"M1: Weibull AFT",0.18632768361582,0.0533152461456757,0.00301881163054472,0.234698565048613,1.95555555555556,0.101483391456769,0.0829507559149583,0.120016026998579
"M1: Weibull AFT",0.189981167608287,0.0479510758314902,0.00195979825961931,0.218647833890532,1.95555555555556,0.101483391456769,0.0829507559149583,0.120016026998579
"M1: Weibull AFT",0.193634651600754,0.0432808033748535,0.00127334672896354,0.217497145272797,1.95555555555556,0.101483391456769,0.0829507559149583,0.120016026998579
"M1: Weibull AFT",0.197288135593221,0.0392327802368949,0.000861499232035601,0.216444777910772,1.95555555555556,0.101483391456769,0.0829507559149583,0.120016026998579
"M1: Weibull AFT",0.200941619585688,0.0357365816074129,0.000547181439052553,0.217167507563124,1.95555555555556,0.101483391456769,0.0829507559149583,0.120016026998579
"M1: Weibull AFT",0.204595103578155,0.0327250541204388,0.000342718033739221,0.215195813316585,1.95555555555556,0.101483391456769,0.0829507559149583,0.120016026998579
"M1: Weibull AFT",0.208248587570622,0.0301358919910114,0.00021141550252442,0.212527244198655,1.95555555555556,0.101483391456769,0.0829507559149583,0.120016026998579
"M1: Weibull AFT",0.211902071563089,0.0279127295613241,0.00013069284739629,0.211050206208817,1.95555555555556,0.101483391456769,0.0829507559149583,0.120016026998579
"M1: Weibull AFT",0.215555555555556,0.0260056842855603,7.97742431033836e-05,0.20759303908713,1.95555555555556,0.101483391456769,0.0829507559149583,0.120016026998579
"M4: Cox PH",0,0.000314956159021107,6.69819673171368e-07,0.137691566487875,1.46153846153846,0.134916186870713,0.0975331327144527,0.172299241026973
"M4: Cox PH",0.00320298945682637,0.000424284260360341,1.19558554856347e-06,0.139835813213693,1.46153846153846,0.134916186870713,0.0975331327144527,0.172299241026973
"M4: Cox PH",0.00640597891365275,0.000567474966307158,2.10155665292255e-06,0.142144701319568,1.46153846153846,0.134916186870713,0.0975331327144527,0.172299241026973
"M4: Cox PH",0.00960896837047912,0.000753559415382354,3.63769447375706e-06,0.144628620215906,1.46153846153846,0.134916186870713,0.0975331327144527,0.172299241026973
"M4: Cox PH",0.0128119578273055,0.000993497807740495,6.20043214083488e-06,0.147299040937237,1.46153846153846,0.134916186870713,0.0975331327144527,0.172299241026973
"M4: Cox PH",0.0160149472841319,0.00130044526844098,1.04067032637989e-05,0.150168623610866,1.46153846153846,0.134916186870713,0.0975331327144527,0.172299241026973
"M4: Cox PH",0.0192179367409582,0.00169001123670909,1.71982228924783e-05,0.153251331946221,1.46153846153846,0.134916186870713,0.0975331327144527,0.172299241026973
"M4: Cox PH",0.0224209261977846,0.00218049680364185,2.79843814874337e-05,0.156562552819407,1.46153846153846,0.134916186870713,0.0975331327144527,0.172299241026973
"M4: Cox PH",0.025623915654611,0.00279309062202027,4.48322943161772e-05,0.160119217685052,1.46153846153846,0.134916186870713,0.0975331327144527,0.172299241026973
"M4: Cox PH",0.0288269051114374,0.00355200031759084,7.07114207122439e-05,0.163939920656209,1.46153846153846,0.134916186870713,0.0975331327144527,0.172299241026973
"M4: Cox PH",0.0320298945682637,0.00448449308152599,0.00010979705264702,0.168045025483319,1.46153846153846,0.134916186870713,0.0975331327144527,0.172299241026973
"M4: Cox PH",0.0352328840250901,0.00562081674157,0.000167831159678777,0.172456750128048,1.46153846153846,0.134916186870713,0.0975331327144527,0.172299241026973
"M4: Cox PH",0.0384358734819165,0.00699397158680259,0.000252529975096949,0.177199212951311,1.46153846153846,0.134916186870713,0.0975331327144527,0.172299241026973
"M4: Cox PH",0.0416388629387428,0.00863930409203517,0.000374015068107192,0.182298418501001,1.46153846153846,0.134916186870713,0.0975331327144527,0.172299241026973
"M4: Cox PH",0.0448418523955692,0.0105938969834939,0.000545228857746993,0.187782153350927,1.46153846153846,0.134916186870713,0.0975331327144527,0.172299241026973
"M4: Cox PH",0.0480448418523956,0.0128957362719829,0.000782277926907438,0.193679753421009,1.46153846153846,0.134916186870713,0.0975331327144527,0.172299241026973
"M4: Cox PH",0.051247831309222,0.0155826452700993,0.0011046306430994,0.200021694031376,1.46153846153846,0.134916186870713,0.0975331327144527,0.172299241026973
"M4: Cox PH",0.0544508207660483,0.0186909882832628,0.00153508333338415,0.206838943474656,1.46153846153846,0.134916186870713,0.0975331327144527,0.172299241026973
"M4: Cox PH",0.0576538102228747,0.0222541623633,0.00209940647816376,0.214162011816072,1.46153846153846,0.134916186870713,0.0975331327144527,0.172299241026973
"M4: Cox PH",0.0608567996797011,0.0263009135675227,0.00282559425568651,0.222019621760733,1.46153846153846,0.134916186870713,0.0975331327144527,0.172299241026973
"M4: Cox PH",0.0640597891365274,0.0308535334466956,0.00374267142693896,0.230436931923769,1.46153846153846,0.134916186870713,0.0975331327144527,0.172299241026973
"M4: Cox PH",0.0672627785933538,0.0359260104163822,0.0048790623025301,0.239433260167543,1.46153846153846,0.134916186870713,0.0975331327144527,0.172299241026973
"M4: Cox PH",0.0704657680501802,0.041522227312927,0.00626059393544254,0.249019291989854,1.46153846153846,0.134916186870713,0.0975331327144527,0.172299241026973
"M4: Cox PH",0.0736687575070066,0.0476343086764978,0.00790828024576495,0.259193821624429,1.46153846153846,0.134916186870713,0.0975331327144527,0.172299241026973
"M4: Cox PH",0.0768717469638329,0.0542412270853477,0.00983610022657033,0.269940163587366,1.46153846153846,0.134916186870713,0.0975331327144527,0.172299241026973
"M4: Cox PH",0.0800747364206593,0.0613077755111048,0.0120490232693785,0.281222485260322,1.46153846153846,0.134916186870713,0.0975331327144527,0.172299241026973
"M4: Cox PH",0.0832777258774857,0.0687840011960991,0.0145415315040456,0.292982432395906,1.46153846153846,0.134916186870713,0.0975331327144527,0.172299241026973
"M4: Cox PH",0.0864807153343121,0.0766051759621078,0.0172968347635484,0.305136524039004,1.46153846153846,0.134916186870713,0.0975331327144527,0.172299241026973
"M4: Cox PH",0.0896837047911384,0.0846923492649314,0.0202868738406963,0.317574848484422,1.46153846153846,0.134916186870713,0.0975331327144527,0.172299241026973
"M4: Cox PH",0.0928866942479648,0.0929534959478987,0.023473082245879,0.330161565414405,1.46153846153846,0.134916186870713,0.0975331327144527,0.172299241026973
"M4: Cox PH",0.0960896837047912,0.101285233669246,0.0268077557363238,0.342737592003724,1.46153846153846,0.134916186870713,0.0975331327144527,0.172299241026973
"M4: Cox PH",0.0992926731616176,0.109575049057823,0.0302357928606815,0.35512562759635,1.46153846153846,0.134916186870713,0.0975331327144527,0.172299241026973
"M4: Cox PH",0.102495662618444,0.117703940473784,0.0336965390533635,0.367137386559044,1.46153846153846,0.134916186870713,0.0975331327144527,0.172299241026973
"M4: Cox PH",0.10569865207527,0.125549361960077,0.0371254955024899,0.378582618483124,1.46153846153846,0.134916186870713,0.0975331327144527,0.172299241026973
"M4: Cox PH",0.108901641532097,0.132988339686731,0.040455730356089,0.389279260693092,1.46153846153846,0.134916186870713,0.0975331327144527,0.172299241026973
"M4: Cox PH",0.112104630988923,0.139900629691876,0.0436189326783281,0.399063935913889,1.46153846153846,0.134916186870713,0.0975331327144527,0.172299241026973
"M4: Cox PH",0.115307620445749,0.146171793359398,0.0465461568959632,0.407801992325007,1.46153846153846,0.134916186870713,0.0975331327144527,0.172299241026973
"M4: Cox PH",0.118510609902576,0.151696082916637,0.0491684006954634,0.415396363645308,1.46153846153846,0.134916186870713,0.0975331327144527,0.172299241026973
"M4: Cox PH",0.121713599359402,0.156379050449369,0.0514172329913073,0.421794658526576,1.46153846153846,0.134916186870713,0.0975331327144527,0.172299241026973
"M4: Cox PH",0.124916588816229,0.160139817263775,0.0532257356212749,0.426994021856743,1.46153846153846,0.134916186870713,0.0975331327144527,0.172299241026973
"M4: Cox PH",0.128119578273055,0.162912962741717,0.0545300369511992,0.431043412551368,1.46153846153846,0.134916186870713,0.0975331327144527,0.172299241026973
"M4: Cox PH",0.131322567729881,0.164650010592172,0.0552716860042045,0.434043011720436,1.46153846153846,0.134916186870713,0.0975331327144527,0.172299241026973
"M4: Cox PH",0.134525557186708,0.165320503986394,0.0554010233188933,0.436140545849411,1.46153846153846,0.134916186870713,0.0975331327144527,0.172299241026973
"M4: Cox PH",0.137728546643534,0.164912668966595,0.0548815288068207,0.437524440420383,1.46153846153846,0.134916186870713,0.0975331327144527,0.172299241026973
"M4: Cox PH",0.14093153610036,0.163433668318873,0.0536948591665268,0.438413967099493,1.46153846153846,0.134916186870713,0.0975331327144527,0.172299241026973
"M4: Cox PH",0.144134525557187,0.160909447301559,0.0518459539714764,0.439046930448561,1.46153846153846,0.134916186870713,0.0975331327144527,0.172299241026973
"M4: Cox PH",0.147337515014013,0.15738417034619,0.0493672699886797,0.439665903573068,1.46153846153846,0.134916186870713,0.0975331327144527,0.172299241026973
"M4: Cox PH",0.150540504470839,0.152919246476826,0.046321027872261,0.440504431103359,1.46153846153846,0.134916186870713,0.0975331327144527,0.172299241026973
"M4: Cox PH",0.153743493927666,0.147591942948143,0.0427984618381769,0.441774796934279,1.46153846153846,0.134916186870713,0.0975331327144527,0.172299241026973
"M4: Cox PH",0.156946483384492,0.141493593167944,0.0389155181938122,0.443658772606213,1.46153846153846,0.134916186870713,0.0975331327144527,0.172299241026973
"M4: Cox PH",0.160149472841319,0.13472741717228,0.0348051786260022,0.446302221036553,1.46153846153846,0.134916186870713,0.0975331327144527,0.172299241026973
"M4: Cox PH",0.163352462298145,0.12740599052438,0.0306073717756881,0.449813685899027,1.46153846153846,0.134916186870713,0.0975331327144527,0.172299241026973
"M4: Cox PH",0.166555451754971,0.119648419160362,0.0264580105459238,0.454266392050712,1.46153846153846,0.134916186870713,0.0975331327144527,0.172299241026973
"M4: Cox PH",0.169758441211798,0.11157730106294,0.0224788593347884,0.459702624811454,1.46153846153846,0.134916186870713,0.0975331327144527,0.172299241026973
"M4: Cox PH",0.172961430668624,0.103315577679141,0.018769667489088,0.46613932732535,1.46153846153846,0.134916186870713,0.0975331327144527,0.172299241026973
"M4: Cox PH",0.17616442012545,0.0949833954378593,0.0154034337620629,0.473573903218577,1.46153846153846,0.134916186870713,0.0975331327144527,0.172299241026973
"M4: Cox PH",0.179367409582277,0.0866951075808451,0.0124249983404887,0.481989509864307,1.46153846153846,0.134916186870713,0.0975331327144527,0.172299241026973
"M4: Cox PH",0.182570399039103,0.0785565466077565,0.00985258186578541,0.491359449303167,1.46153846153846,0.134916186870713,0.0975331327144527,0.172299241026973
"M4: Cox PH",0.18577338849593,0.0706626869661687,0.00768151591307298,0.501650527415756,1.46153846153846,0.134916186870713,0.0975331327144527,0.172299241026973
"M4: Cox PH",0.188976377952756,0.0630957966194804,0.00588926218261865,0.512825427093795,1.46153846153846,0.134916186870713,0.0975331327144527,0.172299241026973
